"ID","CL","Evaluation","Errors","Errors_cw","cER","cER_cw","oER","oER_cw","RT_Raw","RT_cw","Eustress","Eustress_cw","Distress","Distress_cw","NASA_TLX","NASA_TLX_cw","Mental","Mental_cw","Temporal","Temporal_cw","Effort","Effort_cw","Performance","Performance_cw","Frustration","Frustration_cw","ratio","EDA","EDA_zw"
7410,"high","0",11,2,10,1.25,1,0.75,0.82742962962963,0.0493638888888889,3.2,-0.05,1.6,0.35,3.2,0.2,4,0.75,2,-0.25,4,0.5,4,0,2,0,2,0.230608851216023,-1.07587005675987
7410,"high","1",17,8,17,8.25,0,-0.25,0.8648,0.0867342592592593,3.4,0.15,1.2,-0.05,3,0,3,-0.25,2,-0.25,4,0.5,4,0,2,0,2.83333333333333,0.36083805,1.16751931856542
7410,"low","0",3,-6,3,-5.75,0,-0.25,0.739633333333333,-0.0384324074074074,3,-0.25,1,-0.25,3,0,3,-0.25,3,0.75,3,-0.5,4,0,2,0,3,0.243551584285714,-0.852912454875357
7410,"low","1",5,-4,5,-3.75,0,-0.25,0.6804,-0.0976657407407408,3.4,0.15,1.2,-0.05,2.8,-0.2,3,-0.25,2,-0.25,3,-0.5,4,0,2,0,2.83333333333333,0.333900507142857,0.703480546866246
17709,"high","0",11,2,11,2,0,0,0.57325,0.059775,3.4,-0.1,2,0,5,0.35,6,0,5,0.5,6,0.5,4,-0.75,4,0,1.7,0.207996067238913,-0.759112447408352
17709,"high","1",16,7,16,7,0,0,0.5799,0.066425,2.6,-0.9,3.2,1.2,5.8,1.15,7,1,6,1.5,7,1.5,4,-0.75,5,1,0.8125,0.481531692857143,1.29161404418961
17709,"low","0",6,-3,6,-3,0,0,0.446683333333333,-0.0667916666666667,4,0.5,1,-1,3.4,-1.25,5,-1,3,-1.5,4,-1.5,5,0.25,2,-2,4,0.173359312857143,-1.01878798193197
17709,"low","1",3,-6,3,-6,0,0,0.454066666666667,-0.0594083333333333,4,0.5,1.8,-0.2,4.4,-0.25,6,0,4,-0.5,5,-0.5,6,1.25,5,1,2.22222222222222,0.402178858571429,0.696697169704609
17824,"high","0",7,-4.44089209850063e-16,7,0.25,0,-0.25,0.529016666666667,-0.0771291666666667,3.2,-0.45,2.2,-0.1,4.6,-0.3,5,0,5,0.25,5,-1,5,1,5,0.25,1.45454545454545,0.53629604,-0.900548197771974
17824,"high","1",10,3,10,3.25,0,-0.25,0.657233333333333,0.0510875,4,0.35,1.8,-0.5,4.6,-0.3,5,0,4,-0.75,6,0,4,0,4,-0.75,2.22222222222222,1.30122211857143,1.15942680030315
17824,"low","0",4,-3,4,-2.75,0,-0.25,0.623866666666667,0.0177208333333333,3.8,0.15,2.6,0.3,5.2,0.3,4,-1,5,0.25,7,1,3,-1,5,0.25,1.46153846153846,0.532450030042918,-0.910905648741266
17824,"low","1",7,-4.44089209850063e-16,6,-0.75,1,0.75,0.614466666666667,0.0083208333333333,3.6,-0.05,2.6,0.3,5.2,0.3,6,1,5,0.25,6,0,4,0,5,0.25,1.38461538461538,1.16609695565093,0.795529601573951
40710,"high","0",9,5.25,9,5.25,0,0,0.679716666666667,0.0747,3.4,-0.45,2.4,0.1,4.8,0.85,5,0.5,5,0,5,1.25,4,-1.5,5,1,1.41666666666667,0.2234976981402,-0.532575266279904
40710,"high","1",1,-2.75,1,-2.75,0,0,0.543166666666667,-0.06185,4.4,0.55,2,-0.3,4,0.05,5,0.5,5,0,5,1.25,6,0.5,3,-1,2.2,0.28341226,1.27805183996329
40710,"low","0",2,-1.75,2,-1.75,0,0,0.650366666666667,0.04535,3.8,-0.05,2.6,0.3,3.6,-0.35,5,0.5,5,0,2,-1.75,6,0.5,4,0,1.46153846153846,0.201800937142857,-1.18825465973681
40710,"low","1",3,-0.75,3,-0.75,0,0,0.546816666666667,-0.0582,3.8,-0.05,2.2,-0.1,3.4,-0.55,3,-1.5,5,0,3,-0.75,6,0.5,4,0,1.72727272727273,0.264213722857143,0.697869148609963
47751,"high","0",16,0.499999999999999,11,1.75,5,-1.25,0.538882142857143,-0.00707774470899467,3.4,0.05,1.2,-0.1,4.8,-0.05,6,0.25,6,0.25,6,0.25,3,-0.5,1,-1.5,2.83333333333333,0.200992194563662,-0.476801246950009
47751,"high","1",20,4.5,10,0.75,10,3.75,0.605575,0.0596151124338625,3.2,-0.15,1.2,-0.1,5,0.15,6,0.25,6,0.25,6,0.25,4,0.5,3,0.5,2.66666666666667,0.156647359084406,-0.840635347744949
47751,"low","0",9,-6.5,7,-2.25,2,-4.25,0.511357407407407,-0.0346024801587302,3.4,0.05,1,-0.3,4,-0.85,5,-0.75,5,-0.75,5,-0.75,4,0.5,1,-1.5,3.4,0.202613636623748,-0.463497873342988
47751,"low","1",17,1.5,9,-0.25,8,1.75,0.528025,-0.0179348875661375,3.4,0.05,1.8,0.5,5.6,0.75,6,0.25,6,0.25,6,0.25,3,-0.5,5,2.5,1.88888888888889,0.411066017142857,1.24678210864528
69369,"high","0",5,-0.75,5,-0.75,0,0,0.846133333333333,0.011,2.8,-0.2,2.6,0.1,4.4,0.25,4,-0.25,4,0.5,4,0,3,-0.75,5,0.25,1.07692307692308,1.41183608011445,-1.36233325868043
69369,"high","1",14,8.25,14,8.25,0,0,0.828366666666667,-0.00676666666666662,2.2,-0.8,3,0.5,4.8,0.65,5,0.75,3,-0.5,5,1,2,-1.75,5,0.25,0.733333333333333,2.23010759285714,0.730463495614792
69369,"low","0",3,-2.75,3,-2.75,0,0,0.889883333333333,0.05475,3.4,0.4,2.2,-0.3,3.4,-0.75,4,-0.25,3,-0.5,3,-1,5,1.25,4,-0.75,1.54545454545455,1.92253981714286,-0.0561664098834108
69369,"low","1",1,-4.75,1,-4.75,0,0,0.77615,-0.0589833333333333,3.6,0.6,2.2,-0.3,4,-0.15,4,-0.25,4,0.5,4,0,5,1.25,5,0.25,1.63636363636364,2.22298875,0.712256468981505
82208,"high","0",9,1.25,9,1.75,0,-0.5,0.8854,0.0381560185185185,2,-1.15,2.2,-0.2,5.4,0.2,6,0.25,5,0,4,-1.25,2,-1.75,6,0.25,0.909090909090909,0.287968447782546,-1.00687873900005
82208,"high","1",12,4.25,11,3.75,1,0.5,0.930444444444444,0.0832004629629629,3.4,0.25,3,0.6,5.8,0.6,7,1.25,5,0,6,0.75,3,-0.75,6,0.25,1.13333333333333,0.385406396280401,1.27268111007739
82208,"low","0",7,-0.750000000000001,6,-1.25,1,0.5,0.881298148148148,0.0340541666666667,3.2,0.05,2,-0.4,4.8,-0.4,5,-0.75,5,0,5,-0.25,4,0.25,5,-0.75,1.6,0.288416881428571,-0.996387638251186
82208,"low","1",3,-4.75,3,-4.25,0,-0.5,0.691833333333333,-0.155410648148148,4,0.85,2.4,0,4.8,-0.4,5,-0.75,5,0,6,0.75,6,2.25,6,0.25,1.66666666666667,0.358750788571429,0.649073429262254
93756,"high","0",13,4.5,13,4.5,0,0,0.45955,0.00428333333333334,3,-0.25,3.2,0.45,5.4,0.35,6,0.5,4,-0.75,6,0.25,2,-1.5,5,0.25,0.9375,4.47434150857143,-0.842979410756578
93756,"high","1",15,6.5,15,6.5,0,0,0.4418,-0.0134666666666667,2.4,-0.85,4.2,1.45,6,0.95,6,0.5,6,1.25,6,0.25,2,-1.5,6,1.25,0.571428571428571,5.74408885142857,0.524819821666201
93756,"low","0",3,-5.5,3,-5.5,0,0,0.458416666666667,0.00315000000000002,3.8,0.55,1.6,-1.15,4.6,-0.45,6,0.5,5,0.25,6,0.25,5,1.5,3,-1.75,2.375,4.38549705722461,-0.938684570559285
93756,"low","1",3,-5.5,3,-5.5,0,0,0.4613,0.00603333333333334,3.8,0.55,2,-0.75,4.2,-0.85,4,-1.5,4,-0.75,5,-0.75,5,1.5,5,0.25,1.9,6.47695840571429,1.31428271714462
94065,"high","0",3,-0.25,3,-0.25,0,0,0.8424,-0.0079708333333333,2.4,0.1,2.6,-0.15,3.8,0.1,5,1,3,-0.5,5,1,5,0.25,3,-0.75,0.923076923076923,0.611983445714286,-0.70545848412281
94065,"high","1",9,5.75,9,5.75,0,0,0.91975,0.0693791666666667,2,-0.3,3.4,0.65,4.6,0.9,4,0,5,1.5,4,0,3,-1.75,5,1.25,0.588235294117647,2.66765728142857,1.4787076755291
94065,"low","0",0,-3.25,0,-3.25,0,0,0.84775,-0.00262083333333333,2.8,0.5,2.6,-0.15,3.2,-0.5,4,0,3,-0.5,4,0,6,1.25,3,-0.75,1.07692307692308,0.311218225714286,-1.02502338985407
94065,"low","1",1,-2.25,1,-2.25,0,0,0.791583333333333,-0.0587875,2,-0.3,2.4,-0.35,3.2,-0.5,3,-1,3,-0.5,3,-1,5,0.25,4,0.25,0.833333333333333,1.24555202002861,-0.0322879568755126
95172,"high","0",14,5.5,14,5.5,0,0,0.750366666666667,0.11195,3,-0.5,2.4,0.65,4.8,1.1,4,0.5,5,1.5,6,1.5,4,-0.75,5,1.25,1.25,4.19876022428571,-0.99133320254564
95172,"high","1",16,7.5,16,7.5,0,0,0.683283333333333,0.0448666666666667,3.6,0.1,2,0.25,4.8,1.1,5,1.5,4,0.5,5,0.5,3,-1.75,5,1.25,1.8,5.43347631285714,9.1864482196223e-05
95172,"low","0",3,-5.5,3,-5.5,0,0,0.5872,-0.0512166666666666,3.6,0.1,1.4,-0.35,3,-0.7,3,-0.5,3,-0.5,4,-0.5,6,1.25,3,-0.75,2.57142857142857,4.84684998285714,-0.470944395532406
95172,"low","1",1,-7.5,1,-7.5,0,0,0.532816666666667,-0.1056,3.8,0.3,1.2,-0.55,2.2,-1.5,2,-1.5,2,-1.5,3,-1.5,6,1.25,2,-1.75,3.16666666666667,7.18201521857143,1.40409503399162
121650,"high","0",12,0.250000000000001,11,0,1,0.25,0.646944444444444,-0.00128472222222218,3.4,0.45,1.8,-0.2,4.8,0.1,6,1,5,-0.25,5,0.25,4,0.25,4,-0.25,1.88888888888889,0.238582944285714,0.89870345147432
121650,"high","1",13,1.25,12,1,1,0.25,0.742324074074074,0.0940949074074074,2.6,-0.35,2.4,0.4,5.2,0.5,4,-1,6,0.75,5,0.25,3,-0.75,6,1.75,1.08333333333333,0.143557560801144,-0.974383627155923
121650,"low","0",7,-4.75,7,-4,0,-0.75,0.523216666666667,-0.1250125,3.2,0.25,1.4,-0.6,3.8,-0.9,4,-1,5,-0.25,5,0.25,5,1.25,2,-2.25,2.28571428571429,0.247902934191702,1.08241386679409
121650,"low","1",15,3.25,14,3,1,0.25,0.680431481481481,0.0322023148148149,2.6,-0.35,2.4,0.4,5,0.3,6,1,5,-0.25,4,-0.75,3,-0.75,5,0.75,1.08333333333333,0.142971300429185,-0.985939662892516
153432,"high","0",4,-1,4,-1,0,0,0.470416666666667,0.00375,4,-0.2,3,0.4,4.2,0.15,6,0.5,4,0.75,5,0,6,0.25,4,-0.25,1.33333333333333,0.0815098927038627,-1.00258410347507
153432,"high","1",8,3,8,3,0,0,0.461483333333333,-0.00518333333333334,4.4,0.2,2.4,-0.2,4.6,0.55,6,0.5,4,0.75,6,1,6,0.25,5,0.75,1.83333333333333,0.213302092989986,1.34113560600317
153432,"low","0",4,-1,4,-1,0,0,0.43515,-0.0315166666666667,3.8,-0.4,3.6,1,4.4,0.35,6,0.5,3,-0.25,5,0,5,-0.75,5,0.75,1.05555555555556,0.0857769942857143,-0.926700325390944
153432,"low","1",4,-1,4,-1,0,0,0.499616666666667,0.03295,4.6,0.4,1.4,-1.2,3,-1.05,4,-1.5,2,-1.25,4,-1,6,0.25,3,-1.25,3.28571428571429,0.175310102857143,0.665507034029004
179038,"high","0",10,4,10,4,0,0,0.923166666666667,0.0287625,2.2,-0.7,2.2,-0.25,5.4,0.2,6,0,6,0,6,0,4,-1.5,5,-0.5,1,0.419079057224607,-0.814783257504784
179038,"high","1",11,5,11,5,0,0,0.999633333333333,0.105229166666667,3,0.1,2.8,0.35,5.6,0.4,7,1,6,0,6,0,5,-0.5,6,0.5,1.07142857142857,0.466572311428571,0.320754082335234
179038,"low","0",3,-3,3,-3,0,0,0.94555,0.0511458333333334,2.6,-0.3,1.8,-0.65,4.6,-0.6,5,-1,6,0,5,-1,6,0.5,5,-0.5,1.44444444444444,0.466880324749642,0.328118509833549
179038,"low","1",0,-6,0,-6,0,0,0.709266666666667,-0.1851375,3.8,0.9,3,0.55,5.2,0,6,0,6,0,7,1,7,1.5,6,0.5,1.26666666666667,0.432650075714286,-0.490307740023746
234510,"high","0",4,-0.75,4,-0.75,0,0,0.8469,0.0541708333333333,4,0.1,1.4,-0.5,4.6,0.65,6,1.5,5,0.25,7,1.75,6,0.25,3,0,2.85714285714286,0.32468273676681,-1.20446935998962
234510,"high","1",8,3.25,8,3.25,0,0,0.729533333333333,-0.0631958333333334,3.6,-0.3,2.6,0.7,4.8,0.85,5,0.5,6,1.25,5,-0.25,5,-0.75,5,2,1.38461538461538,0.476662234285714,1.23280527603294
234510,"low","0",4,-0.75,4,-0.75,0,0,0.8409,0.0481708333333333,4,0.1,1.8,-0.1,3.4,-0.55,4,-0.5,5,0.25,4,-1.25,6,0.25,2,-1,2.22222222222222,0.360453552857143,-0.630817622814006
234510,"low","1",3,-1.75,3,-1.75,0,0,0.753583333333333,-0.0391458333333334,4,0.1,1.8,-0.1,3,-0.95,3,-1.5,3,-1.75,5,-0.25,6,0.25,2,-1,2.22222222222222,0.447836907142857,0.770537405252543
236546,"high","0",2,-1,2,-0.75,0,-0.25,0.521883333333333,-0.0291527777777777,3.4,-0.35,2,0.2,4.4,0.05,5,-0.5,6,1.5,6,0.25,5,-0.5,2,-1.5,1.7,2.90349578714286,-0.856675771326202
236546,"high","1",7,4,6,3.25,1,0.75,0.600777777777778,0.0497416666666667,3.4,-0.35,1.6,-0.2,5,0.65,6,0.5,5,0.5,6,0.25,5,-0.5,5,1.5,2.125,3.85586559942775,1.1543723548615
236546,"low","0",2,-1,2,-0.75,0,-0.25,0.5729,0.0218638888888889,4,0.25,1.8,0,3.8,-0.55,5,-0.5,4,-0.5,5,-0.75,6,0.5,3,-0.5,2.22222222222222,3.16246160857143,-0.309837008470922
236546,"low","1",1,-2,1,-1.75,0,-0.25,0.508583333333333,-0.0424527777777777,4.2,0.45,1.8,0,4.2,-0.15,6,0.5,3,-1.5,6,0.25,6,0.5,4,0.5,2.33333333333333,3.61738771,0.650796426178647
246614,"high","0",11,6,11,6.25,0,-0.25,1.02845,0.276338425925926,2.4,-0.25,2.4,0.2,5.6,0.6,6,0.5,5,0.25,6,0.25,2,-1.75,5,0.25,1,0.65841311,-1.24840124707782
246614,"high","1",3,-2,3,-1.75,0,-0.25,0.734033333333333,-0.0180782407407407,3,0.35,2,-0.2,5,0,6,0.5,4,-0.75,6,0.25,4,0.25,5,0.25,1.5,2.78267177571429,0.901993486654696
246614,"low","0",5,-4.44089209850063e-16,4,-0.75,1,0.75,0.670896296296296,-0.0812152777777777,2.6,-0.05,1.8,-0.4,4.8,-0.2,5,-0.5,5,0.25,5,-0.75,3,-0.75,4,-0.75,1.44444444444444,1.13587687982833,-0.765062945222919
246614,"low","1",1,-4,1,-3.75,0,-0.25,0.575066666666667,-0.177044907407407,2.6,-0.05,2.6,0.4,4.6,-0.4,5,-0.5,5,0.25,6,0.25,6,2.25,5,0.25,1,3.00592499,1.12799352329686
336869,"high","0",3,0.75,3,0.75,0,0,0.604583333333333,0.114025,2.6,-0.15,1.6,0.25,4.2,0.3,6,0.5,4,0,6,0,6,-0.25,3,0.75,1.625,1.54097217714286,-0.753995483007777
336869,"high","1",4,1.75,4,1.75,0,0,0.541216666666667,0.0506583333333334,2.8,0.05,1.2,-0.15,4,0.1,6,0.5,4,0,6,0,6,-0.25,2,-0.25,2.33333333333333,2.83717572571429,0.809424168033739
336869,"low","0",0,-2.25,0,-2.25,0,0,0.381783333333333,-0.108775,2.8,0.05,1.6,0.25,3.6,-0.3,5,-0.5,4,0,6,0,7,0.75,2,-0.25,1.75,1.22695708154506,-1.1327456968321
336869,"low","1",2,-0.25,2,-0.25,0,0,0.43465,-0.0559083333333333,2.8,0.05,1,-0.35,3.8,-0.1,5,-0.5,4,0,6,0,6,-0.25,2,-0.25,2.8,3.12370826037196,1.15502621166358
380897,"high","0",4,-0.25,4,-0.25,0,0,0.71035,0.081625,5,0.3,3.2,-0.05,4.4,0.05,5,0,5,0.25,5,0,6,0.25,5,0.25,1.5625,1.02591964091559,-1.14842677889751
380897,"high","1",5,0.75,5,0.75,0,0,0.5281,-0.100625,5,0.3,3.2,-0.05,5,0.65,6,1,5,0.25,6,1,6,0.25,6,1.25,1.5625,2.27166290428571,1.250918342249
380897,"low","0",3,-1.25,3,-1.25,0,0,0.7149,0.086175,4.2,-0.5,2.2,-1.05,2.8,-1.55,4,-1,3,-1.75,3,-2,6,0.25,2,-2.75,1.90909090909091,1.1739957639485,-0.863226983880251
380897,"low","1",5,0.75,5,0.75,0,0,0.56155,-0.067175,4.6,-0.1,4.4,1.15,5.2,0.85,5,0,6,1.25,6,1,5,-0.75,6,1.25,1.04545454545455,2.02929693,0.784112993961461
425829,"high","0",8,3.5,8,4,0,-0.5,0.79945,0.0683500000000001,2.2,-0.25,1.4,0.15,4.4,0.6,6,0.25,5,1.25,5,-0.25,4,-1.5,2,0.25,1.57142857142857,1.68856820886981,-0.92431610910957
425829,"high","1",8,3.5,7,3,1,0.5,0.782868518518518,0.0517685185185185,2.6,0.15,1.4,0.15,4.6,0.8,6,0.25,6,2.25,6,0.75,5,-0.5,2,0.25,1.85714285714286,2.33481932857143,1.05080050495504
425829,"low","0",1,-3.5,0,-4,1,0.5,0.653348148148148,-0.0777518518518518,2.6,0.15,1,-0.25,3,-0.8,6,0.25,2,-1.75,5,-0.25,7,1.5,1,-0.75,2.6,1.67949137571429,-0.952057343781402
425829,"low","1",1,-3.5,1,-3,0,-0.5,0.688733333333333,-0.0423666666666666,2.4,-0.05,1.2,-0.05,3.2,-0.6,5,-0.75,2,-1.75,5,-0.25,6,0.5,2,0.25,2,2.30144649428571,0.948804179615483
440557,"high","0",13,5.75,13,5.75,0,0,0.623866666666667,0.0758833333333333,3,-0.7,1.2,-0.2,3.8,-0.05,4,-0.5,5,0.25,3,0,4,-0.25,3,-0.25,2.5,4.31148669241774,0.187502663581047
440557,"high","1",14,6.75,14,6.75,0,0,0.56905,0.0210666666666666,2.8,-0.9,2.2,0.8,4.6,0.75,5,0.5,5,0.25,3,0,2,-2.25,4,0.75,1.27272727272727,4.84697233857143,1.02255660901605
440557,"low","0",0,-7.25,0,-7.25,0,0,0.504066666666667,-0.0439166666666667,4.8,1.1,1,-0.4,3.2,-0.65,4,-0.5,5,0.25,3,0,6,1.75,2,-1.25,4.8,3.37408124857143,-1.27431824605254
440557,"low","1",2,-5.25,2,-5.25,0,0,0.49495,-0.0530333333333334,4.2,0.5,1.2,-0.2,3.8,-0.05,5,0.5,4,-0.75,3,0,5,0.75,4,0.75,3.5,4.06119509142857,-0.202810298897991
465464,"high","0",11,6.25,11,6.25,0,0,0.735233333333333,0.137008333333333,3.4,-0.2,1.8,0.3,4.4,0.35,5,0,6,1,6,-0.25,5,-0.75,2,0.25,1.88888888888889,1.1618861788269,-1.06515325145396
465464,"high","1",6,1.25,6,1.25,0,0,0.594016666666667,-0.00420833333333335,3.6,0,1.6,0.1,4.6,0.55,6,1,5,0,7,0.75,5,-0.75,2,0.25,2.25,2.44413845714286,0.887965292309623
465464,"low","0",0,-4.75,0,-4.75,0,0,0.5493,-0.048925,3.8,0.2,1.2,-0.3,3.4,-0.65,4,-1,5,0,6,-0.25,7,1.25,1,-0.75,3.16666666666667,1.37431112714286,-0.741588916470819
465464,"low","1",2,-2.75,2,-2.75,0,0,0.51435,-0.083875,3.6,0,1.4,-0.1,3.8,-0.25,5,0,4,-1,6,-0.25,6,0.25,2,0.25,2.57142857142857,2.6461609527897,1.19568467731509
491926,"high","0",9,2.75,9,2.75,0,0,0.702316666666667,0.0853458333333333,2,-0.1,2,0.3,4.8,0.3,4,-0.5,5,-0.5,6,0.25,2,-1.25,3,1,1,1.41622224606581,-0.883100031304462
491926,"high","1",9,2.75,9,2.75,0,0,0.636983333333333,0.0200125,1.8,-0.3,1.8,0.1,5.2,0.7,5,0.5,6,0.5,7,1.25,2,-1.25,2,0,1,3.46224903857143,1.63931456280623
491926,"low","0",5,-1.25,5,-1.25,0,0,0.56045,-0.0565208333333334,2.2,0.1,1.4,-0.3,3.6,-0.9,4,-0.5,5,-0.5,4,-1.75,5,1.75,2,0,1.57142857142857,1.62304683690987,-0.628119320261498
491926,"low","1",2,-4.25,2,-4.25,0,0,0.568133333333333,-0.0488375,2.4,0.3,1.6,-0.1,4.4,-0.1,5,0.5,6,0.5,6,0.25,4,0.75,1,-1,1.5,1.76725992857143,-0.450328292108119
511327,"high","0",9,1.25,9,1.5,0,-0.25,0.726366666666667,0.0299166666666666,1.6,0.05,1.4,-0.1,4.2,0,5,0,5,0.75,4,-0.75,4,-0.25,3,-0.25,1.14285714285714,1.61763741917024,-0.614534845969341
511327,"high","1",8,1.54166666666667,8,1.75,0,-0.208,0.65554,-0.04091,1.2,-0.35,1.2,-0.3,3.6,-0.6,5,0,3,-1.25,4,-0.75,4,-0.25,2,-1.25,1,4.38317665,1.45728036644327
511327,"low","0",5,-2.75,5,-2.5,0,-0.25,0.80055,0.1041,2,0.45,1.6,0.1,4.6,0.4,5,0,4,-0.25,6,1.25,5,0.75,5,1.75,1.25,1.59502288714286,-0.631476616656815
511327,"low","1",6,-1.75,5,-2.5,1,0.75,0.577166666666667,-0.119283333333333,1.4,-0.15,1.8,0.3,4.4,0.2,5,0,5,0.75,5,0.25,4,-0.25,3,-0.25,0.777777777777778,1.92238083404864,-0.386235049752674
588210,"high","0",9,1.75,9,1.75,0,0,0.713766666666667,0.113545833333333,3.6,-0.25,1.8,0.2,4.2,0.3,7,1.25,2,-0.75,5,0.25,6,0.75,5,1.5,2,0.473443475714286,1.74587913409045
588210,"high","1",15,7.75,15,7.75,0,0,0.673783333333333,0.0735625,3.4,-0.45,1.8,0.2,5.2,1.3,7,1.25,5,2.25,4,-0.75,3,-2.25,5,1.5,1.88888888888889,0.3791697,-0.289118363390849
588210,"low","0",2,-5.25,2,-5.25,0,0,0.512766666666667,-0.0874541666666667,4.4,0.55,1.6,0,3.2,-0.7,5,-0.75,2,-0.75,5,0.25,6,0.75,2,-1.5,2.75,0.34733662,-0.97626850293178
588210,"low","1",3,-4.25,3,-4.25,0,0,0.500566666666667,-0.0996541666666667,4,0.15,1.2,-0.4,3,-0.9,4,-1.75,2,-0.75,5,0.25,6,0.75,2,-1.5,3.33333333333333,0.374101701428571,-0.398516383486623
620017,"high","0",6,2.5,6,2.5,0,0,0.922783333333333,0.151941666666667,4,0.5,3.4,0.65,4.4,0.5,5,1,3,-0.5,5,1,4,-0.25,5,0.75,1.17647058823529,0.821644097142857,0.238526988333987
620017,"high","1",4,0.5,4,0.5,0,0,0.82665,0.0558083333333333,3.8,0.3,3.8,1.05,5,1.1,5,1,5,1.5,4,0,3,-1.25,6,1.75,1,0.821578067238913,0.23828282029744
620017,"low","0",1,-2.5,1,-2.5,0,0,0.628183333333333,-0.142658333333333,2.8,-0.7,1.2,-1.55,2.2,-1.7,3,-1,2,-1.5,3,-1,6,1.75,1,-3.25,2.33333333333333,0.539162113018598,-0.806046262622355
620017,"low","1",3,-0.5,3,-0.5,0,0,0.70575,-0.0650916666666667,3.4,-0.1,2.6,-0.15,4,0.1,3,-1,4,0.5,4,0,4,-0.25,5,0.75,1.30769230769231,0.586683002857143,-0.63032160343435
648090,"high","0",13,3.75,13,3.75,0,0,0.763433333333333,0.0649958333333333,2.8,-0.2,4,0.5,5,0.6,5,0.75,5,-0.5,5,0.75,3,-1.25,5,0.75,0.7,0.92475398,0.0226227070250456
648090,"high","1",14,4.75,14,4.75,0,0,0.68785,-0.0105875,2.4,-0.6,4,0.5,5.8,1.4,6,1.75,6,0.5,6,1.75,3,-1.25,6,1.75,0.6,0.612978440629471,-0.671871281900434
648090,"low","0",4,-5.25,4,-5.25,0,0,0.679683333333333,-0.0187541666666667,4,1,2.4,-1.1,2.8,-1.6,2,-2.25,6,0.5,2,-2.25,6,1.75,2,-2.25,1.66666666666667,1.49898546,1.30174906798638
648090,"low","1",6,-3.25,6,-3.25,0,0,0.662783333333333,-0.0356541666666667,2.8,-0.2,3.6,0.1,4,-0.4,4,-0.25,5,-0.5,4,-0.25,5,0.75,4,-0.25,0.777777777777778,0.660768185714286,-0.565417482604009
695008,"high","0",12,3.5,12,3.75,0,-0.25,0.58645,0.0557356481481481,1.6,-0.55,3.8,0.25,5.8,0.6,5,-0.25,6,0.5,6,0.5,2,-1.75,6,0.5,0.421052631578947,0.302118722857143,-1.14602811770106
695008,"high","1",5,-3.5,4,-4.25,1,0.75,0.484774074074074,-0.0459402777777778,2.6,0.45,3.6,0.05,4.4,-0.8,5,-0.25,5,-0.5,5,-0.5,6,2.25,5,-0.5,0.722222222222222,0.525044672857143,1.14177140777673
695008,"low","0",9,0.499999999999999,9,0.75,0,-0.25,0.5453,0.0145856481481481,2.6,0.45,2.6,-0.95,4.4,-0.8,5,-0.25,5,-0.5,4,-1.5,5,1.25,5,-0.5,1,0.475173044285714,0.629958905999711
695008,"low","1",8,-0.500000000000001,8,-0.25,0,-0.25,0.506333333333333,-0.0243810185185185,1.8,-0.35,4.2,0.65,6.2,1,6,0.75,6,0.5,7,1.5,2,-1.75,6,0.5,0.428571428571429,0.356385364806867,-0.589111358114069
719844,"high","0",9,3.25,9,3.25,0,0,0.5434,0.0405208333333334,2.8,-0.3,2,-0.05,5,0.45,5,0.5,6,1,5,0.5,2,-1,3,-0.75,1.4,0.396367737142857,-1.43625571145281
719844,"high","1",5,-0.75,5,-0.75,0,0,0.511066666666667,0.00818750000000002,3.4,0.3,2.2,0.15,4.6,0.05,5,0.5,6,1,5,0.5,4,1,3,-0.75,1.54545454545455,0.689053296561605,0.258364154021156
719844,"low","0",5,-0.75,5,-0.75,0,0,0.450183333333333,-0.0526958333333333,3.4,0.3,1.8,-0.25,4.2,-0.35,3,-1.5,4,-1,4,-0.5,3,0,5,1.25,1.88888888888889,0.579801679542203,-0.374191688173129
719844,"low","1",4,-1.75,4,-1.75,0,0,0.506866666666667,0.00398750000000002,2.8,-0.3,2.2,0.15,4.4,-0.15,5,0.5,4,-1,4,-0.5,3,0,4,0.25,1.27272727272727,0.81834986981402,1.00697827084464
727655,"high","0",9,0.25,9,2.5,0,-2.25,0.611433333333333,0.0425961805555555,1.6,-0.5,2.8,0.55,4.4,0.2,5,0.25,2,-0.5,5,0,2,-1.5,4,-0.25,0.571428571428572,0.256186834048641,-0.451183512305483
727655,"high","1",12,4.70833333333333,10,4.583,2,0.125,0.691025,0.122187847222222,1.4,-0.7,2.6,0.35,4.8,0.6,5,0.25,4,1.5,5,0,3,-0.5,5,0.75,0.538461538461538,0.421916899856938,1.48174315569392
727655,"low","0",2,-6.75,2,-4.5,0,-2.25,0.496233333333333,-0.0726038194444445,3.4,1.3,1.4,-0.85,3.6,-0.6,4,-0.75,2,-0.5,5,0,5,1.5,4,-0.25,2.42857142857143,0.211583533619456,-0.971396356365329
727655,"low","1",4,-4.75,4,-2.5,0,-2.25,0.49705,-0.0717871527777778,2,-0.1,2.2,-0.05,4,-0.2,5,0.25,2,-0.5,5,0,4,0.5,4,-0.25,0.909090909090909,0.324395025787966,0.344335587659518
729105,"high","0",10,6.25,8,4.75,2,1.5,1.07918888888889,0.0983875,4.6,0.1,1.4,-0.3,5.2,0.55,6,0,6,1,6,0,5,-1.25,5,0.5,3.28571428571429,0.43185422,0.370823631061502
729105,"high","1",3,-0.75,3,-0.25,0,-0.5,1.09313333333333,0.112331944444444,4.2,-0.3,2.2,0.5,5.4,0.75,7,1,5,0,7,1,6,-0.25,6,1.5,1.90909090909091,0.535397386266094,0.849591861101346
729105,"low","0",1,-2.75,1,-2.25,0,-0.5,0.888433333333333,-0.0923680555555556,5,0.5,1,-0.7,3.2,-1.45,5,-1,4,-1,4,-2,7,0.75,2,-2.5,5,0.141875356223176,-0.969995588263997
729105,"low","1",1,-2.75,1,-2.25,0,-0.5,0.86245,-0.118351388888889,4.2,-0.3,2.2,0.5,4.8,0.15,6,0,5,0,7,1,7,0.75,5,0.5,1.90909090909091,0.22591717453505,-0.581398696228625
765713,"high","0",2,0.75,2,0.75,0,0,0.76865,0.1129875,4.4,-0.2,1.2,-0.15,4.4,-0.2,7,0.75,5,-1.5,6,-0.5,5,-1,1,-0.75,3.66666666666667,2.30432449285714,-1.52623797378667
765713,"high","1",0,-1.25,0,-1.25,0,0,0.65805,0.00238749999999997,4.8,0.2,1.6,0.25,4.8,0.2,7,0.75,7,0.5,7,0.5,7,1,2,0.25,3,3.42133060285714,0.278315717385848
765713,"low","0",3,1.75,3,1.75,0,0,0.63075,-0.0249125,4.2,-0.4,1.4,0.05,4.8,0.2,5,-1.25,7,0.5,6,-0.5,5,-1,3,1.25,3,3.14889210428571,-0.161816072237551
765713,"low","1",0,-1.25,0,-1.25,0,0,0.5652,-0.0904625,5,0.4,1.2,-0.15,4.4,-0.2,6,-0.25,7,0.5,7,0.5,7,1,1,-0.75,4.16666666666667,3.53067296142857,0.454961265691382
785962,"high","0",10,4.25,10,4.25,0,0,0.876383333333333,0.112629166666667,2.4,-0.1,3.4,0.35,5.8,0.75,5,0,6,0.5,6,1.25,2,-1.5,6,0.5,0.705882352941177,0.295359443490701,-0.109109323404042
785962,"high","1",9,3.25,9,3.25,0,0,0.794566666666667,0.0308125,2.2,-0.3,4.2,1.15,6.2,1.15,6,1,6,0.5,6,1.25,2,-1.5,7,1.5,0.523809523809524,0.557006224285714,1.76329082069974
785962,"low","0",1,-4.75,1,-4.75,0,0,0.725833333333333,-0.0379208333333333,3.2,0.7,1.8,-1.25,3.8,-1.25,4,-1,5,-0.5,4,-0.75,5,1.5,3,-2.5,1.77777777777778,0.219506038626609,-0.651932459873507
785962,"low","1",3,-2.75,3,-2.75,0,0,0.658233333333333,-0.105520833333333,2.2,-0.3,2.8,-0.25,4.4,-0.65,5,0,5,-0.5,3,-1.75,5,1.5,6,0.5,0.785714285714286,0.191640177142857,-0.851346505401669
792672,"high","0",7,-2.5,7,-2.25,0,-0.25,0.735433333333333,0.00229722222222223,1.6,-0.55,3,0.6,4,0.1,5,1.25,3,-0.25,4,-0.75,3,-0.5,3,-0.25,0.533333333333333,0.281659291428571,-1.05611330285887
792672,"high","1",18,8.5,18,8.75,0,-0.25,0.685883333333333,-0.0472527777777777,2.8,0.65,2,-0.4,4,0.1,4,0.25,2,-1.25,6,1.25,2,-1.5,2,-1.25,1.4,0.375797081428571,-0.715005974616534
792672,"low","0",3,-6.5,3,-6.25,0,-0.25,0.755016666666667,0.0218805555555556,1.6,-0.55,1.2,-1.2,2.4,-1.5,3,-0.75,3,-0.25,3,-1.75,6,2.5,1,-2.25,1.33333333333333,0.850290947142857,1.00431774013369
792672,"low","1",10,0.500000000000001,9,-0.25,1,0.75,0.756211111111111,0.023075,2.6,0.45,3.4,1,5.2,1.3,3,-0.75,5,1.75,6,1.25,3,-0.5,7,3.75,0.764705882352941,0.714574767142857,0.51255153700681
837706,"high","0",13,3.25,13,3.25,0,0,0.569183333333333,0.0322375,2,-0.4,2.6,-0.7,5.4,0.2,6,0.5,6,0.5,5,-0.25,3,-0.25,5,0,0.769230769230769,0.316730676680973,-1.3978830145911
837706,"high","1",16,6.25,16,6.25,0,0,0.58775,0.0508041666666667,1.2,-1.2,4.4,1.1,6.2,1,6,0.5,6,0.5,6,0.75,2,-1.25,7,2,0.272727272727273,0.79461108583691,0.634590606601189
837706,"low","0",4,-5.75,4,-5.75,0,0,0.442216666666667,-0.0947291666666667,4,1.6,2.2,-1.1,3.6,-1.6,4,-1.5,5,-0.5,4,-1.25,5,1.75,2,-3,1.81818181818182,0.54097002,-0.444170450951177
837706,"low","1",6,-3.75,6,-3.75,0,0,0.548633333333333,0.0116875,2.4,0,4,0.7,5.6,0.4,6,0.5,5,-0.5,6,0.75,3,-0.25,6,1,0.6,0.904399691428571,1.10153262911821
848371,"high","0",2,0.5,2,0.5,0,0,0.51755,0.0303,3.8,-0.1,1.2,0.1,3.2,-0.15,5,0,2,-0.5,5,-0.5,5,-0.5,1,-0.25,3.16666666666667,0.340680964285714,-0.440674108538008
848371,"high","1",0,-1.5,0,-1.5,0,0,0.46045,-0.0268,4,0.1,1,-0.1,3.4,0.05,5,0,3,0.5,6,0.5,6,0.5,1,-0.25,4,0.318802444126075,-0.681702485421257
848371,"low","0",3,1.5,3,1.5,0,0,0.46815,-0.0191,3.8,-0.1,1.2,0.1,3.6,0.25,5,0,3,0.5,6,0.5,5,-0.5,1,-0.25,3.16666666666667,0.482598742857143,1.12278683719129
848371,"low","1",1,-0.5,1,-0.5,0,0,0.50285,0.0156,4,0.1,1,-0.1,3.2,-0.15,5,0,2,-0.5,5,-0.5,6,0.5,2,0.75,4,0.337497481428571,-0.475745479923915
878863,"high","0",10,0.75,10,1,0,-0.25,0.767733333333333,0.0341171296296296,1.6,0.05,2.6,-0.2,5.2,-0.05,6,0.25,5,0,5,1,3,0.5,5,-1,0.615384615384615,0.729006238571429,0.495304139321509
878863,"high","1",11,1.75,11,2,0,-0.25,0.838666666666667,0.105050462962963,1.8,0.25,3.2,0.4,5.4,0.15,6,0.25,5,0,4,0,2,-0.5,6,0,0.5625,0.596977734285714,-0.0212148940435404
878863,"low","0",5,-4.25,5,-4,0,-0.25,0.59055,-0.143066203703704,1.4,-0.15,2.8,0,4.8,-0.45,5,-0.75,5,0,3,-1,3,0.5,6,0,0.5,0.339673945714286,-1.02783316085715
878863,"low","1",11,1.75,10,1,1,0.75,0.737514814814815,0.00389861111111108,1.4,-0.15,2.6,-0.2,5.6,0.35,6,0.25,5,0,4,0,2,-0.5,7,1,0.538461538461538,0.627623405714286,0.0986764329751612
894278,"high","0",11,1.5,11,1.5,0,0,0.643,0.047125,3.2,0.3,3.4,0.4,5,0.2,6,0.75,5,0.25,5,0,4,0.25,5,0.25,0.941176470588235,0.0737976471428571,-0.819651235114724
894278,"high","1",14,4.5,14,4.5,0,0,0.5561,-0.039775,2.6,-0.3,3,0,5.2,0.4,6,0.75,5,0.25,5,0,3,-0.75,5,0.25,0.866666666666667,0.142758125714286,0.214429637747384
894278,"low","0",4,-5.5,4,-5.5,0,0,0.61615,0.020275,3.2,0.3,2.4,-0.6,3.8,-1,4,-1.25,4,-0.75,4,-1,5,1.25,4,-0.75,1.33333333333333,0.0833384091559371,-0.676584949691019
894278,"low","1",9,-0.5,9,-0.5,0,0,0.56825,-0.027625,2.6,-0.3,3.2,0.2,5.2,0.4,5,-0.25,5,0.25,6,1,3,-0.75,5,0.25,0.8125,0.21440424,1.28878233849047
905693,"high","0",8,1.25,7,0.5,1,0.75,0.775633333333333,0.0739041666666667,1.8,0.2,4,0.2,5,-0.05,5,0,6,1.75,5,0.5,2,0.25,3,-2.25,0.45,3.04867108154506,0.868962128157342
905693,"high","1",13,6.25,13,6.5,0,-0.25,0.8171,0.115370833333333,1.2,-0.4,4,0.2,6,0.95,6,1,5,0.75,5,0.5,1,-0.75,7,1.75,0.3,2.74177496571429,0.247008611104716
905693,"low","0",5,-1.75,5,-1.5,0,-0.25,0.665266666666667,-0.0364625,1.4,-0.2,3.6,-0.2,4.4,-0.65,4,-1,3,-1.25,4,-0.5,2,0.25,5,-0.25,0.388888888888889,1.90868590987124,-1.44132382965297
905693,"low","1",1,-5.75,1,-5.5,0,-0.25,0.548916666666667,-0.1528125,2,0.4,3.6,-0.2,4.8,-0.25,5,0,3,-1.25,4,-0.5,2,0.25,6,0.75,0.555555555555556,2.42874674142857,-0.387372193957637
908702,"high","0",17,8.5,15,7.5,2,1,1.19685925925926,0.256287962962963,2.4,-0.7,3.2,0.45,5.4,0.7,6,0.75,5,0.25,5,-0.25,2,-2,5,0.75,0.75,0.339000064377682,-1.25909599131808
908702,"high","1",13,4.5,11,3.5,2,1,1.01907592592593,0.0785046296296296,2,-1.1,3.6,0.85,6,1.3,6,0.75,6,1.25,6,0.75,2,-2,6,1.75,0.555555555555556,0.392365562857143,0.622566432678127
908702,"low","0",1,-7.5,1,-6.5,0,-1,0.749816666666667,-0.19075462962963,4.4,1.3,2.2,-0.55,3.2,-1.5,4,-1.25,4,-0.75,4,-1.25,6,2,2,-2.25,2,0.367273665714286,-0.262171484998482
908702,"low","1",3,-5.5,3,-4.5,0,-1,0.796533333333333,-0.144037962962963,3.6,0.5,2,-0.75,4.2,-0.5,5,-0.25,4,-0.75,6,0.75,6,2,4,-0.25,1.8,0.409619231428571,1.23092915301207
957176,"high","0",11,4,11,5,0,-1,0.82375,0.101871875,2.2,-0.4,2.6,-0.25,5.4,0.85,5,0.25,6,1,6,1.25,3,-1.25,5,0.5,0.846153846153846,0.436584984285714,-0.232712133506424
957176,"high","1",11,4,11,5,0,-1,0.7269,0.00502187499999997,2.2,-0.4,4,1.15,5.2,0.65,6,1.25,5,0,5,0.25,4,-0.25,6,1.5,0.55,0.580783197142857,1.46580645328554
957176,"low","0",2,-5,0,-6,2,1,0.674270833333333,-0.0476072916666667,4,1.4,1.2,-1.65,3,-1.55,3,-1.75,4,-1,3,-1.75,6,1.75,3,-1.5,3.33333333333333,0.401788532857143,-0.642581426161146
957176,"low","1",4,-3,2,-4,2,1,0.662591666666667,-0.0592864583333334,2,-0.6,3.6,0.75,4.6,0.05,5,0.25,5,0,5,0.25,4,-0.25,4,-0.5,0.555555555555556,0.406763024320458,-0.583986620838218
977604,"high","0",22,9.25,18,6.25,4,3,0.796766666666667,0.0679791666666666,2.2,-0.25,3,-0.55,5.8,0.2,5,-0.75,6,0.5,6,0.5,1,-1.5,5,-0.75,0.733333333333333,0.140721925714286,-0.747424784020488
977604,"high","1",15,2.25,15,3.25,0,-1,0.777016666666667,0.0482291666666666,2.2,-0.25,4.2,0.65,6.8,1.2,7,1.25,6,0.5,7,1.5,1,-1.5,7,1.25,0.523809523809524,0.892213517142857,0.382462069688984
977604,"low","0",8,-4.75,8,-3.75,0,-1,0.617766666666667,-0.111020833333333,2.6,0.15,2.8,-0.75,4.8,-0.8,5,-0.75,5,-0.5,5,-0.5,4,1.5,5,-0.75,0.928571428571429,0.26068646,-0.567055034382788
977604,"low","1",6,-6.75,6,-5.75,0,-1,0.7236,-0.00518750000000001,2.8,0.35,4.2,0.65,5,-0.6,6,0.25,5,-0.5,4,-1.5,4,1.5,6,0.25,0.666666666666667,1.15738487428571,0.781153996296511
990692,"high","0",14,6.25,13,5.5,1,0.75,0.840366666666667,0.167745833333333,3.6,-0.05,1.6,-0.3,5.2,0.4,6,0,6,0.5,6,0.5,4,-1,4,0,2.25,1.23810238571429,-1.29276121745116
990692,"high","1",11,3.25,11,3.5,0,-0.25,0.724233333333333,0.0516125,4.2,0.55,1.8,-0.1,4.6,-0.2,6,0,5,-0.5,6,0.5,5,0,3,-1,2.33333333333333,1.97033774714286,0.129954407851355
990692,"low","0",2,-5.75,2,-5.5,0,-0.25,0.555166666666667,-0.117454166666667,3.8,0.15,1.4,-0.5,4.4,-0.4,6,0,5,-0.5,5,-0.5,6,1,4,0,2.71428571428571,2.2680175,0.708338979309069
990692,"low","1",4,-3.75,4,-3.5,0,-0.25,0.570716666666667,-0.101904166666667,3,-0.65,2.8,0.9,5,0.2,6,0,6,0.5,5,-0.5,5,0,5,1,1.07142857142857,1.76564321173104,-0.267762131508692
