ID,condition,Ns1,Ns2,acc,M_rt,a,z,v1,v2,t0,converge,-LLE,AIC,BIC,sep,p.acc,p.M_rt,p.a,p.z,p.v1,p.v2,p.t0,p.convergence,p.converge
7410,low_0,40,20,0.95,0.7396333333333334,1.670036628222253,0.6893764130798747,-2.7089225043980023,1.2275705571767774,0.3709793092072231,0,-5.838743325077096,-1.6774866501541918,8.794236160956311,NA,0.9666666666666667,0.727740574832351,1.7398186420760782,0.4153794855371033,-2.9562539036850812,1.318243477954942,0.3515742847706794,NA,0
7410,high_0,40,19,0.8305084745762712,0.8268813559322034,1.4752471562188663,0.46904235410426304,-1.4361239328147963,0.6957425653879752,0.4044201919504906,0,23.324356770726816,56.64871354145363,67.03640076098223,NA,0.8813559322033898,0.8541845544433512,1.6190887964423988,0.333550223644208,-1.2992854389942943,0.9302323654861283,0.3970774005020198,NA,0
7410,low_1,40,20,0.9166666666666666,0.6804,1.4820564649975991,0.7070729825641361,-3.25321942329551,0.3880318809380059,0.3549204920558945,0,-11.052850085066972,-12.105700170133943,-1.63397735902344,NA,0.9,0.6066223360320744,1.2398135270148622,0.4781502100070073,-3.6031291343445506,0.7767451867968256,0.37886839449406917,NA,0
7410,high_1,40,20,0.7166666666666667,0.8648,1.542924751091814,0.38641424368532984,-0.6076786416695563,0.5782583825875136,0.4038873432877241,0,36.96247210854163,83.92494421708327,94.39666702819378,NA,0.7166666666666667,0.7968970739171788,1.6625217819942066,0.22003877107588032,-0.8001142192907756,0.22965914325278286,0.4038039810149801,NA,0
17709,low_0,40,20,0.9,0.4466833333333333,0.9473518417501581,0.6524935059793543,-3.8644327858943877,0.8705583211549073,0.3087820566303005,0,-56.62920913972655,-103.2584182794531,-92.7866954683426,NA,0.8666666666666667,0.461413377199564,0.9842997040407181,0.7300396341210375,-4.274251134762436,0.12569938546340326,0.3088409760057278,NA,0
17709,high_0,40,20,0.8166666666666667,0.57325,1.0721872408319066,0.48434194827619353,-2.002777702117681,0.7675461624714657,0.3445563544953557,0,-12.461168817613142,-14.922337635226285,-4.450614824115782,NA,0.8,0.580234735273632,1.0571448501057157,0.5328457696130827,-1.8847496674392192,0.6208277538476923,0.3420078083782361,NA,0
17709,low_1,40,20,0.95,0.4540666666666667,0.9642857188939763,0.45771926734396773,-3.2374908826940922,3.1623917992932657,0.323184383312381,0,-63.326293562897774,-116.65258712579555,-106.18086431468504,NA,0.9333333333333333,0.4399861457309989,0.8835375963870968,0.5439944081953528,-3.403344075727395,3.0314822739560903,0.31936020206998894,NA,0
17709,high_1,40,20,0.7333333333333333,0.5799,1.0351109521431807,0.5158246194187579,-1.3958920787850129,0.15988331380704518,0.33749782410722085,0,-0.3608379710819931,9.278324057836013,19.750046868946516,NA,0.7333333333333333,0.5902910555767462,1.109848014468194,0.5624189937252194,-1.9475354626265444,-0.21484729612858533,0.3261779118119611,NA,0
17824,low_0,40,20,0.9333333333333333,0.6238666666666667,1.2776310599943832,0.6423838735319142,-3.168184573207135,0.9894611569522143,0.3833029292981871,0,-28.00284458776249,-46.00568917552498,-35.533966364414475,NA,0.9333333333333333,0.657767056542827,1.5155470158968578,0.5477835418422934,-3.599042463504106,0.8963209128947225,0.3618689135752077,NA,0
17824,high_0,40,20,0.8833333333333333,0.5290166666666667,1.1057011465917892,0.680536959964863,-2.95408939373611,1.482212629783488,0.3358162020970059,0,-32.59044096792064,-55.180881935841285,-44.70915912473078,NA,0.95,0.5924014697135531,1.2967869215177936,0.5449530842058914,-2.553956018805291,1.7645987851537046,0.32562743589323795,NA,0
17824,low_1,40,19,0.8983050847457628,0.6152542372881356,1.2147132435033845,0.6470219010828003,-2.594935378085528,1.2176977122440213,0.37104281090238156,0,-19.050153207337893,-28.100306414675785,-17.712619195147187,NA,0.9661016949152542,0.6082703473478775,1.3983306533328097,0.5895969062448028,-4.144379693164047,1.4335487622411935,0.3775515434658543,NA,0
17824,high_1,40,20,0.8333333333333334,0.6572333333333333,1.419983473174321,0.5547861388483255,-1.6737016997144292,0.6858678671755843,0.2794327186898398,0,15.414105844108349,40.8282116882167,51.2999344993272,NA,0.9,0.5778560175991643,1.3434146604767943,0.418142303854085,-2.0890638510189454,1.1492939379632534,0.27999384292383234,NA,0
40710,low_0,40,20,0.9666666666666667,0.6503666666666666,2.132896597148287,0.45511244744732077,-2.0467060309548204,2.3450563974111764,0.20149307657271845,0,1.5543267894591974,13.108653578918394,23.5803763900289,NA,0.95,0.5789838094488271,2.150574497111347,0.24024088268466004,-2.436107647874451,1.8036186985057143,0.1953082999737845,NA,0
40710,high_0,40,20,0.85,0.6797166666666666,1.3125306306140256,0.4540602583808464,-1.634823886426625,0.8969244963871268,0.35738206599404904,0,5.580849817166543,21.161699634333086,31.63342244544359,NA,0.7833333333333333,0.6373383327607133,1.3757729570589505,0.38714157818979605,-2.219003128676377,-0.12463989375148726,0.3401594388250211,NA,0
40710,low_1,40,20,0.95,0.5468166666666666,1.5034011915409895,0.3565835232185184,-2.211528113271817,3.139364770457213,0.31311785435543743,0,-32.15927169190944,-54.31854338381888,-43.846820572708374,NA,0.9666666666666667,0.5392912513650028,1.689291087375254,0.17725144137761287,-1.7754426678526818,3.781016493842681,0.31922999040346706,NA,0
40710,high_1,40,20,0.9833333333333333,0.5431666666666667,1.6041293637805305,0.3524048532792785,-3.205432262771682,2.8674457656343253,0.31417214951801076,0,-43.607072928183705,-77.21414585636741,-66.74242304525691,NA,0.95,0.4988819349583751,1.816918589002451,0.1618240504328765,-2.5375392898156983,3.8459984865486807,0.3132654717974366,NA,0
47751,low_0,39,19,0.8793103448275862,0.5103793103448275,1.066779125097168,0.5542004035617787,-2.6002429922803394,1.1795592172274785,0.30900478722322783,0,-26.311848347594356,-42.62369669518871,-32.32148164245662,NA,0.8793103448275862,0.5247406950933631,1.1044795725053898,0.4815475197085205,-2.7384282426395057,0.6861655783823035,0.3150043550759846,NA,0
47751,high_0,38,17,0.8,0.5370545454545455,1.0958349982396665,0.6154500455990132,-2.3767224130179843,0.13682884351398417,0.3041965779051963,0,-11.263757422012773,-12.527514844025546,-2.4908489178631896,NA,0.7272727272727273,0.5731443107702227,1.0942407159478376,0.5398751396379586,-1.6569399705581316,-0.26593919470831306,0.31089407695867194,NA,0
47751,low_1,38,14,0.8269230769230769,0.5304807692307693,1.205764403708263,0.5147489806774904,-2.028971717268946,0.5058075052798945,0.2703984669884003,0,-7.429249717503746,-4.8584994350074915,4.8977191578996475,NA,0.8846153846153846,0.5594502013734668,1.3355682363085206,0.4160152156582764,-1.9243282731696136,0.894708951893769,0.2552489705461115,NA,0
47751,high_1,35,15,0.8,0.5923,1.2513103134368717,0.6058025744367667,-1.9513372792146872,-0.025213098341638266,0.28557050938007666,0,3.8326628398296907,17.665325679659382,27.22544070680011,NA,0.72,0.5994749011153301,1.2672913862784105,0.4768442182138196,-1.6339931292359329,-0.8064437279443075,0.28803640307298156,NA,0
82208,low_0,39,20,0.8983050847457628,0.876,1.930056032440925,0.6578964984166855,-1.753986369465102,0.3522483125604137,0.2450930070758747,0,36.58809055546776,83.17618111093552,93.56386833046412,NA,0.8305084745762712,0.8162834779075682,1.944270566465658,0.3284663165558466,-1.7004467964689076,0.4243579992238098,0.24317791996509952,NA,0
82208,high_0,40,20,0.85,0.8854,1.6915611815475824,0.5583820917706549,-1.608360657878916,0.2803707153449938,0.3447595738022712,0,33.973506519018166,77.94701303803633,88.41873584914683,NA,0.7833333333333333,0.6760680217660628,1.5353576083558225,0.3293535043524889,-2.2883337252671367,0.06503570834678982,0.366042211194861,NA,0
82208,low_1,40,20,0.95,0.6918333333333333,1.6815143669129973,0.46073249878616984,-1.6300168107784436,2.037970135246721,0.2782685151916374,0,6.530554499705634,23.061108999411267,33.53283181052177,NA,0.95,0.5949368869811639,1.662270341733958,0.2102847091411281,-1.355115137454538,2.6941399077438737,0.30156479421010857,NA,0
82208,high_1,39,20,0.8135593220338984,0.9300338983050848,1.8180475965312606,0.6107872080588034,-1.4561340390607187,0.1005636773796522,0.2711859854914672,0,48.8991730982602,107.7983461965204,118.186033416049,NA,0.6949152542372882,0.8216173771858941,1.9383948638268744,0.428374610041367,-1.6483475459221604,-0.7040971362432891,0.24852547213815157,NA,0
94065,low_0,40,20,1,0.84775,2.907582840839636,0.5507997987583338,-3.601220105055457,3.249144698088829,0.4173024929179224,0,-23.043844721674116,-36.08768944334823,-25.61596663223773,NA,0.9833333333333333,0.7100685832988464,3.3179959840038578,0.11927778129605357,-3.572750312630198,4.533159862400731,0.4335680463230147,NA,0
94065,high_0,40,20,0.95,0.8424,1.5568933507955618,0.5996851804274724,-3.01827647557869,1.3847998216351494,0.5423491173557213,0,-19.827257496059516,-29.654514992119033,-19.18279218100853,NA,0.95,0.851583926874339,1.698519578679303,0.3483226037128742,-2.718672107907896,1.6994885602087546,0.5393532626399068,NA,0
94065,low_1,40,20,0.9833333333333333,0.7915833333333333,1.5295368030371306,0.6496998762018865,-4.1369120445138545,1.8399601088256312,0.5655741818229957,0,-43.46249478152829,-76.92498956305658,-66.45326675194607,NA,0.9833333333333333,0.7682618958199872,1.6259139574525214,0.466238294621807,-4.900673611189222,2.2497287243146245,0.5486062998363469,NA,0
94065,high_1,40,20,0.85,0.91975,1.3389482841623987,0.593873952997107,-2.023031030324178,0.8193270895216059,0.6006549540734263,0,3.299211709496245,16.59842341899249,27.070146230102992,NA,0.8166666666666667,0.9769237182022749,1.4849527763778578,0.3847918240592027,-1.6249268215513384,0.4337860200086123,0.5834297442808603,NA,0
95172,low_0,40,20,0.95,0.5872,1.495966293388007,0.758183617527514,-3.785344411380872,1.1912093053704615,0.33472528637946714,0,-33.96688751010453,-57.933775020209055,-47.46205220909855,NA,0.9,0.6162696573836294,1.313875728797127,0.48355134603230737,-2.6219791643674206,0.9685029814313323,0.3426021457869828,NA,0
95172,high_0,40,20,0.7666666666666667,0.7503666666666666,1.40025419211325,0.6301368750557818,-1.7119228438878933,-0.11020089643632991,0.36012274079494294,0,21.408304744368003,52.816609488736006,63.28833229984651,NA,0.8,0.7602696214681929,1.748983136097022,0.3539429343675656,-2.029735462743023,0.13386090752339336,0.3566380771598072,NA,0
95172,low_1,40,20,0.9833333333333333,0.5328166666666667,1.6975723858821015,0.5842350651225079,-3.613255489502191,2.4887542705622216,0.26667242442540495,0,-36.93551678779407,-63.87103357558814,-53.39931076447764,NA,1,0.5021274225651835,1.770873407879991,0.42247323681903626,-3.890513010590219,2.5082042331272167,0.23802572147610088,NA,0
95172,high_1,40,20,0.7333333333333333,0.6832833333333334,1.3605670523889908,0.5717936076608302,-1.5553716765736922,-0.4354812930644084,0.2959072351534154,0,21.73146160639203,53.46292321278406,63.934646023894565,NA,0.6833333333333333,0.5954436265044606,1.2203564501049828,0.37780305748836934,-1.5824617417114615,-0.35940797639734345,0.30795732657627845,NA,0
121650,low_0,40,20,0.8833333333333333,0.5232166666666667,1.0628291440193518,0.5780567720680899,-2.2884135854963397,1.6640891401043016,0.3202225922389482,0,-26.09674421919735,-42.1934884383947,-31.7217656272842,NA,0.7833333333333333,0.5215014134421581,0.9457033572679162,0.5584476906608593,-1.6654621313768199,1.0029828889190242,0.31929140349462626,NA,0
121650,high_0,39,20,0.8135593220338984,0.6475593220338983,1.432732911051406,0.4815079248915169,-1.4142978569796112,0.6193874323119859,0.2615657425350132,0,18.288857995059843,46.577715990119685,56.96540320964829,NA,0.847457627118644,0.6729195251211562,1.9336344024173726,0.1536733384434803,-0.8772504662162139,1.5334125402609744,0.2957195832636026,NA,0
121650,low_1,40,19,0.7627118644067796,0.6817457627118644,1.3540683150426847,0.4850181287611854,-1.6984334112510937,-0.2121278311299316,0.3287958482360394,0,11.628932651327634,33.25786530265527,43.64555252218386,NA,0.711864406779661,0.6072804691166728,1.3416837061093037,0.3123921265748327,-1.3058787881253544,-0.9086918391659222,0.33367683396970743,NA,0
121650,high_1,39,20,0.7966101694915254,0.7403389830508474,1.615801909059805,0.5261111496614032,-1.4801591458256838,-0.0983250878611634,0.2526302719049577,0,29.664107259389738,69.32821451877948,79.71590173830808,NA,0.7966101694915254,0.6702578414697251,1.7624304640660524,0.3257023909993393,-1.7700372978620453,0.21256177620959224,0.2468073617854103,NA,0
153432,low_0,40,20,0.9333333333333333,0.43515,1.004705714522496,0.6588318139158297,-4.3850940074404265,1.6703367007909353,0.30000611389347964,0,-63.82665293001944,-117.65330586003888,-107.18158304892839,NA,0.9333333333333333,0.4378160068330168,0.966752406220127,0.6952432409433531,-4.2443688091575655,1.6448281257152162,0.2997465057767101,NA,0
153432,high_0,40,20,0.9333333333333333,0.47041666666666665,0.9965179050172313,0.5896740899139139,-3.4606500368289392,2.375720076919408,0.3234060107372494,0,-55.47599210573008,-100.95198421146016,-90.48026140034966,NA,0.95,0.47662027451549127,0.997315403727093,0.6496326967824432,-4.094665250576874,1.8543716355887936,0.3254007670636934,NA,0
153432,low_1,40,20,0.9333333333333333,0.49961666666666665,1.1978611977521567,0.5061782394255112,-2.7671116100426607,2.0784838039166296,0.29232235861054545,0,-34.65083770927255,-59.3016754185451,-48.8299526074346,NA,0.9833333333333333,0.4844458227705741,1.3327386559216887,0.4053494345116529,-3.503430639921714,2.5650551494542184,0.2873082234368488,NA,0
153432,high_1,40,20,0.8666666666666667,0.46148333333333336,0.9238429851373575,0.5281171228199874,-2.795503499099544,1.3198835839423135,0.3099011793904046,0,-43.13268863294962,-76.26537726589925,-65.79365445478874,NA,0.75,0.4753742464232841,0.8751189955741879,0.5374108366169454,-1.579665330350752,0.9947200468159526,0.3068661798815675,NA,0
179038,low_0,40,20,0.95,0.94555,2.199826371434329,0.5279765227393778,-1.878538384838563,1.4918722259863615,0.37008834307448235,0,20.79928822147054,51.59857644294108,62.070299254051584,NA,0.95,0.870744043097138,2.1862401851644737,0.22027039038022106,-2.4262366190390274,1.3729558502722674,0.38804772374935675,NA,0
179038,high_0,40,20,0.8333333333333334,0.9231666666666667,1.5829910786112977,0.5502922394009704,-1.3987782954429677,0.6567948988664389,0.4419519747757781,0,31.15684122402676,72.31368244805353,82.78540525916402,NA,0.8333333333333334,0.8307216754498169,1.6006169149574974,0.3418071374721852,-1.3281003928577828,0.8459230461369349,0.4333920393056792,NA,0
179038,low_1,40,20,1,0.7092666666666667,2.350730259916926,0.47981189805314833,-2.8610508613536725,3.4022205310419653,0.32665350633929613,0,-21.45415508476303,-32.90831016952606,-22.436587358415558,NA,0.9833333333333333,0.5941011101610985,2.092484966452063,0.19460776910842809,-2.6255518656817576,3.352868775233901,0.33416018769919703,NA,0
179038,high_1,40,20,0.8166666666666667,0.9996333333333334,1.8132730588763897,0.6089648785910428,-1.4506393049866815,0.11709874224853604,0.36447421729015367,0,47.023287899043694,104.04657579808739,114.5182986091979,NA,0.7833333333333333,0.8442522411001164,1.7787080839842904,0.3360394579293707,-1.917796657237357,0.1416362085623599,0.3835478749300524,NA,0
234510,low_0,40,20,0.9333333333333333,0.8409,1.8276719822735408,0.6758508733806466,-2.4376540307652994,0.7960747850756504,0.3811897629033322,0,10.266414451358903,30.532828902717807,41.004551713828306,NA,0.8666666666666667,0.8924246235236148,2.0551683567547308,0.36022862087357116,-2.533326019501909,0.4863024882022463,0.36010297576827244,NA,0
234510,high_0,40,20,0.9333333333333333,0.8469,1.68052755315037,0.42450053576515595,-1.6420252792490486,1.890230351175187,0.45037222869695415,0,6.077726200370876,22.15545240074175,32.627175211852254,NA,0.9,0.7721879690457096,1.9172668281553649,0.22145671072809475,-1.6156582847139438,1.9568381973689988,0.44067997463602204,NA,0
234510,low_1,40,20,0.95,0.7535833333333334,1.5268431223644128,0.5328629924972689,-2.258996440113028,1.7120151673791575,0.415571508301731,0,-7.039382057345899,-4.078764114691799,6.392958696418704,NA,0.95,0.6836534383130893,1.4202803694028643,0.37143853980243813,-2.6745518617816635,1.887681772255347,0.43217712427175126,NA,0
234510,high_1,40,20,0.8666666666666667,0.7295333333333334,1.6784643344628005,0.5208999729939416,-1.6897447209555003,0.6706685348219003,0.26812584617483215,0,21.20457863763147,52.40915727526294,62.880880086373445,NA,0.85,0.668661443478648,1.6212009774418403,0.2574772610718185,-1.2857827149297534,0.9961810150457995,0.28745214121068013,NA,0
236546,low_0,40,20,0.9666666666666667,0.5729,1.4032465436413326,0.6858331482081018,-3.4152561880002805,1.433339186942403,0.31514653860877423,0,-30.386897194767126,-50.77379438953425,-40.30207157842375,NA,0.9666666666666667,0.572811692550767,1.3433954749941046,0.4915071509674829,-3.828745304206869,1.4253531034771907,0.3294918988866815,NA,0
236546,high_0,40,20,0.9666666666666667,0.5218833333333334,1.2435654008076513,0.625505550929991,-3.328482564291929,2.41595748708988,0.3166651507249688,0,-42.621227151774235,-75.24245430354847,-64.77073149243796,NA,0.95,0.5134366651723572,1.11041283712443,0.5401736597633601,-3.4582094424117766,1.7481640584183809,0.33219673381887216,NA,0
236546,low_1,40,20,0.9833333333333333,0.5085833333333333,1.3301699143573105,0.5672883625065028,-3.564371564548426,3.71954671043253,0.32210967832635906,0,-55.339892454790174,-100.67978490958035,-90.20806209846984,NA,1,0.4721546570008749,1.1660504702553227,0.4958456509143594,-4.766247003929424,2.43247777810326,0.3244902593514589,NA,0
236546,high_1,39,20,0.8983050847457628,0.5977796610169491,1.2642063491372886,0.6482662577881865,-2.5116977646689898,0.8403077116032505,0.32180292607737293,0,-11.704336915755883,-13.408673831511766,-3.0209866119831688,NA,0.847457627118644,0.6232680344783844,1.3241651828836254,0.400363941698224,-1.9871058208668528,0.7161355999970229,0.3331043626529476,NA,0
246614,low_0,39,20,0.9322033898305084,0.6720169491525424,1.4722739554156494,0.507534536371117,-1.975733675059327,1.4960866500374612,0.3203946437681379,0,0.15861211928357521,10.31722423856715,20.704911458095747,NA,0.9491525423728814,0.6567398765306665,1.5539341307474155,0.37037228295973806,-2.0490564083082776,1.685824723949125,0.3184672064849354,NA,0
246614,high_0,40,20,0.8166666666666667,1.02845,1.8704047689554044,0.5834529380287934,-1.3843428003059242,0.2898178834547791,0.3632945919401685,0,49.920128071475546,109.84025614295109,120.3119789540616,NA,0.75,0.9392354904910879,2.0245627146232423,0.3351312346977485,-1.7498958083414002,-0.06997853214279065,0.36220471398523835,NA,0
246614,low_1,40,20,0.9833333333333333,0.5750666666666666,1.31976194524964,0.5511486061001504,-3.1502166858057423,2.203503129108404,0.34149000264627527,0,-36.02196010668903,-62.04392021337806,-51.572197402267555,NA,0.9833333333333333,0.5454064729190785,1.4793401448515855,0.31480264750417464,-3.0290000222021076,3.5569370948432804,0.35488137889112775,NA,0
246614,high_1,40,20,0.95,0.7340333333333333,1.4523459482988086,0.5465931179180454,-2.441844118950125,1.3884870723442961,0.404029790042308,0,-7.769701623110295,-5.539403246220591,4.932319564889912,NA,0.9666666666666667,0.6906963313935789,1.5347923650417392,0.3529310486968177,-2.7521350036953414,1.8816022288005283,0.40661430036911606,NA,0
336869,low_0,40,20,1,0.3817833333333333,1.0861249895065366,0.37151470698753075,-4.474007511590209,6.478602911591205,0.2865340795027542,0,-98.95287827786503,-187.90575655573005,-177.43403374461954,NA,0.9833333333333333,0.38402596324043503,1.2104862338044868,0.21930982129094645,-2.9062471445955658,8.44805453322511,0.2927751079310821,NA,0
336869,high_0,40,20,0.95,0.6045833333333334,1.4737625818801705,0.5380685830713016,-2.23544890125957,1.3481694473369337,0.2544309550505101,0,-3.2906093319600753,3.4187813360798494,13.890504147190352,NA,0.9333333333333333,0.5736098271608432,1.64766100936227,0.2688411330709325,-2.0370281071913725,1.652190177437071,0.25210713046226496,NA,0
336869,low_1,40,20,0.9666666666666667,0.43465,1.4561149322250064,0.5398661607350964,-4.09249535193859,2.474955725163948,0.23597538116646094,0,-51.752657666508284,-93.50531533301657,-83.03359252190606,NA,0.9833333333333333,0.4276811764505746,1.4186522091052358,0.316824200812804,-3.312511508970905,3.0601497715529815,0.23938163318032682,NA,0
336869,high_1,40,20,0.9333333333333333,0.5412166666666667,1.2305384012768894,0.5368245508305567,-2.724657187007252,1.1796046756610932,0.2879866371647341,0,-21.216352707988925,-32.43270541597785,-21.960982604867347,NA,0.8833333333333333,0.5440293285294757,1.2220775342591885,0.44414482766834956,-2.5314764315327025,0.9442320701755691,0.28519868310817653,NA,0
380897,low_0,40,20,0.95,0.7149,1.6154158213132073,0.6290807959880118,-2.2651429080415437,1.5114540224356485,0.3252721486107024,0,1.0547711170507252,12.10954223410145,22.581265045211953,NA,0.9666666666666667,0.698926100971408,1.7287590359085643,0.4265752174558209,-2.3198170165795062,1.6388920262117013,0.31536477599674495,NA,0
380897,high_0,40,20,0.9333333333333333,0.71035,1.7068092756562896,0.7332595318521842,-3.3908404518213033,0.4870515187442789,0.3363621524975799,0,-7.4874776808786425,-4.974955361757285,5.496767449353218,NA,0.9166666666666666,0.7162246833349694,1.858738509924971,0.42796732922369557,-3.5912223745785505,0.8211721644043057,0.3256749573070584,NA,0
380897,low_1,40,20,0.9166666666666666,0.56155,1.183590310315386,0.5784078228477314,-2.590611165343927,1.28045568845878,0.316961762718458,0,-19.39054694319984,-28.78109388639968,-18.309371075289178,NA,0.8833333333333333,0.5229780775513979,1.0818375712991006,0.44933153117605734,-2.363954139346327,1.3936447205287625,0.31267077206210875,NA,0
380897,high_1,40,20,0.9166666666666666,0.5281,1.3341623294735525,0.7331628214490273,-4.133737457926738,0.6550381258764038,0.30177195525756895,0,-34.81410918548242,-59.628218370964845,-49.15649555985434,NA,0.9,0.5213873730638326,1.2137224673916092,0.5379863946369672,-4.273676681047574,0.6380930449913951,0.31680827266149447,NA,0
425829,low_0,39,20,1,0.6491186440677966,1.8289160774562543,0.59588758331019,-3.299883345350289,1.7810124743262996,0.29021520328140793,0,-18.597046959023828,-27.194093918047656,-16.80640669851906,NA,0.9830508474576272,0.5924236605579151,1.8328748883767476,0.33406264803171487,-3.0928498346049818,2.1986699574360418,0.28754545831983697,NA,0
425829,high_0,40,20,0.8666666666666667,0.79945,1.599702407189132,0.6316519183112415,-2.004689654786222,0.23420617577739133,0.3346718000900484,0,21.783966967527427,53.56793393505485,64.03965674616535,NA,0.8666666666666667,0.6731382814558601,1.4520384369468318,0.4008825881746637,-1.954657027284726,0.7202876280506632,0.34077530867667105,NA,0
425829,low_1,40,20,0.9833333333333333,0.6887333333333333,1.7848341814452882,0.36197536443171763,-2.182484822384691,2.0755767706369004,0.32283007931248164,0,-9.989933899038604,-9.979867798077208,0.4918550130332946,NA,0.9666666666666667,0.5905775679495501,1.864234245722112,0.21369398744183785,-2.505872062082153,2.5438961093140096,0.3169439738752494,NA,0
425829,high_1,40,19,0.8813559322033898,0.7807118644067796,1.6710105852304216,0.6156947534691352,-2.3811009354927686,0.05418084270482886,0.33190158258419433,0,12.339809800260962,34.679619600521924,45.06730682005052,NA,0.8135593220338984,0.712815059604236,1.685824507305983,0.3550588573418353,-2.3557762266149718,0.18547655352778508,0.34706275798989933,NA,0
440557,low_0,40,20,1,0.5040666666666667,1.1695640846294022,0.43584249477227555,-2.9595315818744625,4.295646788672279,0.3380397699416863,0,-59.31213835137818,-108.62427670275636,-98.15255389164585,NA,1,0.4748544174650088,1.2627581149878488,0.23891283537280886,-2.472210237401778,7.393210236908335,0.3501452435730011,NA,0
440557,high_0,40,20,0.7833333333333333,0.6238666666666667,1.0207529047849107,0.5589252612522833,-2.0607578285438306,0.35544162997226947,0.4016811368121849,0,-10.698650935523156,-11.397301871046313,-0.92557905993581,NA,0.8333333333333334,0.6089528036908942,1.0038971022911456,0.5127763942280157,-1.5680710203773367,1.8105395895667518,0.4024675056107183,NA,0
440557,low_1,40,20,0.9666666666666667,0.49495,1.2701989102857576,0.39466123230676986,-2.8086865807467007,3.6513568544744075,0.31909330430083843,0,-51.85698633100497,-93.71397266200994,-83.24224985089944,NA,1,0.47440758003180306,1.3127788737414456,0.2820873330297463,-2.772134872369326,5.0314603282519235,0.3228999605924337,NA,0
440557,high_1,40,20,0.7666666666666667,0.56905,1.072188058608853,0.4916358404069151,-1.7633784452809516,0.4211388403886871,0.33861593690034075,0,-9.121048154664017,-8.2420963093280335,2.2296265017824695,NA,0.8166666666666667,0.5945171553407156,1.123249859487783,0.5610063049000394,-2.6154437628580185,0.279080648616037,0.3430113352620629,NA,0
465464,low_0,40,20,1,0.5493,1.302074022734226,0.4758263285557336,-3.1883014165981574,3.8235024708329357,0.36025229461578495,0,-53.82452281492725,-97.6490456298545,-87.17732281874399,NA,1,0.5048715895358765,1.115108136697512,0.22321911695483435,-0.673934670548414,4.86307564360444,0.36966235440323214,NA,0
465464,high_0,40,20,0.8166666666666667,0.7352333333333333,1.3422738852878664,0.5434827798385856,-1.464555741099707,0.567289926772047,0.35607566326762846,0,20.23122415235052,50.46244830470104,60.934171115811544,NA,0.8666666666666667,0.6797562963259166,1.3762823924353103,0.38824573320021033,-1.5623808277620101,1.2167153387532155,0.36357984684216293,NA,0
465464,low_1,40,20,0.9666666666666667,0.51435,1.0512248766883407,0.3635758033697976,-1.0239294861035606,4.489938854502832,0.36140150332596266,0,-46.775208275836945,-83.55041655167389,-73.07869374056338,NA,0.8833333333333333,0.5804627521989054,1.0704103735192132,0.3398602503116804,-0.9280632313339732,3.2272861983558983,0.3670615310149121,NA,0
465464,high_1,40,20,0.9,0.5940166666666666,1.2751036465390735,0.4827605317436539,-2.25285273304543,1.3951037396184027,0.33406196827985657,0,-15.384849329969045,-20.76969865993809,-10.297975848827587,NA,0.8833333333333333,0.5819777176723804,1.2707285247913194,0.3182970618905265,-2.3242711147875896,1.2427337272466916,0.3528866398374656,NA,0
491926,low_0,40,20,0.9166666666666666,0.56045,1.5542589820460804,0.47165469194942605,-2.2533098771533338,1.6734965545919138,0.24931244004030828,0,-10.16480448165291,-10.32960896330582,0.1421138478046835,NA,0.9,0.5873495234062631,1.6016885066478341,0.26481802307758673,-1.729429300498409,1.4868809074395124,0.2676107308662531,NA,0
491926,high_0,40,20,0.85,0.7023166666666667,1.564707635554361,0.576210321072305,-2.4417280875184666,0.2514679775952159,0.32451326461086216,0,5.238097127851434,20.476194255702868,30.94791706681337,NA,0.85,0.6191929144871517,1.4794214542664363,0.3761559278220112,-2.9796718369246236,0.5293002885870361,0.3327589895926031,NA,0
491926,low_1,40,20,0.9666666666666667,0.5681333333333334,1.6012452731415996,0.3166119482590098,-2.323760349282006,3.343819189622085,0.33307502957851487,0,-35.56851503150587,-61.137030063011736,-50.66530725190123,NA,0.9666666666666667,0.5351721985276575,1.8958136368464986,0.15334869677165133,-2.514165159706672,4.042977566840534,0.33438985704625845,NA,0
491926,high_1,40,20,0.85,0.6369833333333333,1.5205282341043327,0.4760997415712485,-1.7710770636701376,0.6291964422310848,0.2528679617411159,0,12.05861323110992,34.11722646221984,44.58894927333034,NA,0.8166666666666667,0.5163471663715985,1.3208267675181555,0.3775284894499148,-2.1082531677748806,0.45621306415706603,0.25104235544005454,NA,0
588210,low_0,40,20,0.9666666666666667,0.5127666666666667,1.1996463940261326,0.522049814338994,-2.4917493557466317,3.4395740653088445,0.305688490846949,0,-39.587599900894304,-69.17519980178861,-58.703476990678105,NA,0.9333333333333333,0.4974527346689919,1.1717766832085361,0.29704555859933085,-1.211414706425824,6.312137379657735,0.32688061721603057,NA,0
588210,high_0,40,20,0.85,0.7137666666666667,1.4407068960999845,0.5872299200780075,-1.9038163729134423,0.515586662439677,0.31660823115917003,0,16.655105927902667,43.310211855805335,53.78193466691584,NA,0.8666666666666667,0.6087494908169543,1.2832358999620253,0.38131324230041724,-2.3565127931442156,0.885530887165667,0.33449175649985574,NA,0
588210,low_1,40,20,0.95,0.5005666666666667,1.126199147741541,0.4959816155365167,-2.627449737124806,2.876713862470253,0.312655320586572,0,-41.11348159862848,-72.22696319725696,-61.75524038614646,NA,0.9666666666666667,0.48788618713451165,1.1624191707180977,0.47002535275281687,-3.428767147106426,2.407976871597927,0.3124697430343255,NA,0
588210,high_1,40,20,0.75,0.6737833333333333,1.4108100563666708,0.681476363034613,-2.046847103447736,-0.7822205629828844,0.3090206403788497,0,13.084111718247398,36.1682234364948,46.639946247605295,NA,0.6333333333333333,0.6675092624002367,1.3809336322070997,0.4140710767648032,-1.3277243646083592,-1.0754213964126018,0.3154051666656474,NA,0
620017,low_0,40,20,0.9833333333333333,0.6281833333333333,1.5637272257451882,0.5018889639368382,-2.429576459352247,2.5221858906517456,0.3202276042713438,0,-19.49142883086926,-28.98285766173852,-18.511134850628018,NA,0.9833333333333333,0.5973503643371786,1.6863176323914209,0.3123543528637773,-2.271707953892329,2.6096705396251236,0.3054210710288382,NA,0
620017,high_0,40,20,0.9,0.9227833333333333,1.9048117467172168,0.6356752911563359,-1.773200836791478,0.7749379354926751,0.3455056100679363,0,31.613454191214622,73.22690838242924,83.69863119353974,NA,0.9,0.8941631799742812,2.110326687148249,0.28403055081430434,-1.4563301381098839,1.0692055506232543,0.34610424817204544,NA,0
620017,low_1,40,20,0.95,0.70575,1.5378928623917814,0.48668291421368776,-2.23216645199269,1.3298861114111882,0.3420975435562108,0,-2.0141172303908093,5.9717655392183815,16.443488350328884,NA,0.9666666666666667,0.6346492491169413,1.7572256801665238,0.27958435926579256,-2.5874175300361517,2.1079408538664905,0.3356428603500381,NA,0
620017,high_1,40,20,0.9333333333333333,0.82665,1.9360133210857653,0.606424445033776,-1.9687234282445667,0.9637776408750498,0.28238792657954426,0,21.916444122963746,53.83288824592749,64.30461105703799,NA,0.9166666666666666,0.7663381224338492,1.9316936017355886,0.3074285013920088,-2.2288815527898302,1.028790475960756,0.31174109846163395,NA,0
648090,low_0,40,20,0.9333333333333333,0.6796833333333333,1.539358363533283,0.4512620828637935,-1.8618156590545176,2.063182982708127,0.3469195745390762,0,-5.431651382028258,-0.8633027640565167,9.608420047053986,NA,0.9666666666666667,0.6580987087291775,1.5954537884355666,0.3604047863125983,-2.3759411776303776,1.6978291675786734,0.3277400368448524,NA,0
648090,high_0,40,20,0.7833333333333333,0.7634333333333333,1.5237721645896343,0.47304559425705284,-1.5843575229549058,0.08872252902128594,0.35200075289939536,0,19.47411558803046,48.94823117606092,59.419953987171425,NA,0.8333333333333334,0.7787802049345534,1.6268981367573758,0.3185289411484515,-1.4911193277112962,0.5850596949195528,0.3508050669784638,NA,0
648090,low_1,40,20,0.9,0.6627833333333333,1.3678682844915169,0.4726450625744275,-2.0277867648163737,1.1860183583096133,0.3468843515532365,0,-2.6304278796000657,4.7391442407998685,15.210867051910371,NA,0.8833333333333333,0.637560634320602,1.356820850331359,0.3004304549379535,-1.378932125804061,1.643824508336617,0.35222713102035397,NA,0
648090,high_1,40,20,0.7666666666666667,0.68785,1.135001220741429,0.41599878856441064,-1.3809447552252028,0.4532943845174958,0.4165538035292071,0,2.7842527453282333,15.568505490656467,26.04022830176697,NA,0.75,0.6181784374131043,1.0548670215720946,0.3245138179836137,-1.6539104812911187,0.11616014020510722,0.425065853748536,NA,0
69369,low_0,40,20,0.95,0.8898833333333334,1.7014183820950237,0.47044096452055545,-2.295019026970183,1.8700980887198462,0.5422546882426248,0,-8.482562513880353,-6.965125027760706,3.5065977833497968,NA,0.95,0.7943743535818243,1.4840972352753115,0.21556776193197771,-2.2907797028185017,2.361131511549382,0.5683399876826776,NA,0
69369,high_0,40,20,0.9166666666666666,0.8461333333333333,2.0734749936031998,0.7123853606341491,-2.870350395245213,0.5563186672897076,0.35620024559684504,0,11.005494508683011,32.01098901736602,42.482711828476525,NA,0.8833333333333333,0.8826918882647581,2.0854227583133484,0.29206873575417974,-2.3020916909172775,0.7497184794170716,0.3744702878058086,NA,0
69369,low_1,40,20,0.9833333333333333,0.77615,2.2796952662850485,0.5845651393530598,-3.704893312163062,2.1785657790256,0.4019226419308424,0,-21.026545235169237,-32.053090470338475,-21.581367659227972,NA,0.9833333333333333,0.6932792061306593,2.434028603675335,0.25920127947991567,-4.003350687761899,2.84352618902082,0.39111068916101865,NA,0
69369,high_1,40,20,0.7666666666666667,0.8283666666666667,1.4298899896171062,0.6068117223398334,-1.5687516294714903,0.30003335443819174,0.43334317972525377,0,23.25259196792548,56.50518393585096,66.97690674696146,NA,0.85,0.8307001580138407,1.5678427197276639,0.3811482806939294,-1.8185154226436184,0.5183825815898632,0.4421163480338478,NA,0
695008,low_0,40,20,0.85,0.5453,1.1093065426202742,0.5641224070805346,-2.5138188741524776,0.5716810052023922,0.31356977466015434,0,-16.638664118741712,-23.277328237483424,-12.80560542637292,NA,0.8,0.590968807657281,1.1259271114031142,0.46950843154004857,-1.5320454505510592,0.750456219178319,0.31908580820635873,NA,0
695008,high_0,40,20,0.8,0.58645,1.3107118965798006,0.4110130237309459,-0.9690555898829027,1.4032386706397149,0.2680814555831629,0,9.548429121306837,29.096858242613674,39.568581053724174,NA,0.7666666666666667,0.5846515248233024,1.2764516385825686,0.3220245263343669,-0.9220857071715168,0.8075576061904346,0.2826003518988149,NA,0
695008,low_1,40,20,0.8666666666666667,0.5063333333333333,1.2419035190930257,0.3828803873697193,-2.061988253878111,1.2711561556044455,0.2755925307620958,0,-20.228661025138337,-30.457322050276673,-19.98559923916617,NA,0.8,0.5186136378339047,1.1883997646466216,0.39303432081648454,-1.7793794842223574,0.25738621303342785,0.26712039737405485,NA,0
695008,high_1,39,20,0.9322033898305084,0.4827457627118644,1.1588776267124938,0.31714588873983157,-1.2525166663139646,3.234473460294357,0.3128567884522261,0,-37.84890490592834,-65.69780981185669,-55.310122592328085,NA,0.8983050847457628,0.5064833170946372,1.1280090979972086,0.25065063224330514,-1.002430602892212,3.101497223090284,0.316276599330539,NA,0
719844,low_0,40,20,0.9166666666666666,0.4501833333333333,1.0897172912701827,0.36172626178597217,-2.1646203571178857,2.993502957035329,0.286303568392979,0,-44.685231256786125,-79.37046251357225,-68.89873970246174,NA,0.9166666666666666,0.4445246180407395,1.0078458025076427,0.3916295874576449,-2.2699445783638366,2.6106952097550358,0.28443461390371394,NA,0
719844,high_0,40,20,0.85,0.5434,1.1437456633286933,0.5919388864107534,-2.2983733136530224,1.0985022694882534,0.30716903801812684,0,-14.394194512194135,-18.78838902438827,-8.316666213277767,NA,0.8833333333333333,0.5447821496292666,1.1117714750454155,0.5655042000920816,-2.376541878113294,1.169908280203197,0.31757395891790086,NA,0
719844,low_1,40,20,0.9333333333333333,0.5068666666666667,1.1850024780774213,0.39294757341901976,-2.6011076556464063,2.2057443380663635,0.31325559702962225,0,-38.87025199301438,-67.74050398602876,-57.26878117491825,NA,0.9666666666666667,0.4788860247081799,1.3916975152616777,0.27502477409022985,-3.440515799930179,3.1045501010310086,0.31132572245145684,NA,0
719844,high_1,40,20,0.9166666666666666,0.5110666666666667,0.9702492498318296,0.44414068583385297,-2.446466718221846,2.518701751172749,0.3549254868323355,0,-45.184503694728846,-80.36900738945769,-69.89728457834718,NA,0.9666666666666667,0.5134637549538564,1.092775653747538,0.4623174247902323,-3.261081160696758,2.5289333530644353,0.34713611567919694,NA,0
727655,low_0,40,20,0.9666666666666667,0.49623333333333336,1.4615012549641202,0.7453848024867413,-4.967050506996444,1.502666034709324,0.2998963386625488,0,-56.104422521524214,-102.20884504304843,-91.73712223193792,NA,0.9833333333333333,0.49941778482159055,1.4217769532379705,0.5700353528635558,-5.782392868286527,1.6555255519684844,0.2971983412540814,NA,0
727655,high_0,40,20,0.85,0.6114333333333334,1.1488550158221418,0.556547186848764,-1.924081239093892,0.7490224558279227,0.3464996437962867,0,-4.93037041897037,0.13925916205925937,10.610981973169762,NA,0.8666666666666667,0.6198660488526336,1.2118406069128307,0.5124890018100384,-2.4386947283610234,0.7403309020159621,0.34533563167511094,NA,0
727655,low_1,40,20,0.9333333333333333,0.49705,1.1403937335327132,0.7200896360871715,-4.555321311985962,0.8122972755791584,0.32019458589757177,0,-50.63939717584273,-91.27879435168546,-80.80707154057495,NA,0.95,0.5046106755230572,1.1331679435667215,0.608130772428057,-3.72770652180661,1.5435567246370145,0.3150058938195807,NA,0
727655,high_1,32,16,0.7450980392156863,0.6755882352941176,1.2623444489445848,0.4780339988247672,-1.0377593052011704,1.071848161386367,0.340719521134914,0,13.897597391639327,37.79519478327865,47.15119983781811,NA,0.8333333333333334,0.7241133179300291,1.4097247869975864,0.33558260712634985,-0.752745328259399,1.508314354949193,0.3516423639154963,NA,0
729105,low_0,40,20,0.9833333333333333,0.8884333333333333,2.3115136635405653,0.5883744517280576,-2.4074688268551157,1.5469308939538124,0.3315538741759453,0,10.361545837750967,30.723091675501934,41.19481448661244,NA,0.9166666666666666,0.7764938029567353,1.9897822315063132,0.2750990855457972,-2.0354527267229594,1.2971479279603333,0.3543540088022953,NA,0
729105,high_0,38,20,0.8620689655172413,1.0788275862068966,2.163613738461475,0.6066093334389603,-1.7832984996983376,0.13780948643935093,0.3826452843347642,0,39.428902988047966,88.85780597609593,99.16002102882803,NA,0.7758620689655172,0.9692317854763264,2.3993505085001887,0.22897310323942313,-1.3424485489119082,0.42688712686776153,0.40025778818784974,NA,0
729105,low_1,40,20,0.9833333333333333,0.86245,2.334720640011051,0.5284666188954834,-2.1284101621274027,1.5516958000392416,0.26468638917217013,0,16.561981881573217,43.123963763146435,53.59568657425694,NA,0.9,0.7411950670721124,2.2136103466512678,0.19318153562063192,-1.3578969488457648,1.418640854936228,0.26775012689836053,NA,0
729105,high_1,40,20,0.95,1.0931333333333333,2.282465059767617,0.5083801583286881,-1.54498934907854,1.4981266447386177,0.41798403738398043,0,32.86987395065457,75.73974790130914,86.21147071241964,NA,0.9166666666666666,0.954805379794311,2.3177132037481427,0.20095008490621039,-1.0892535776737804,1.6579981826452448,0.4136509358999132,NA,0
785962,low_0,40,20,0.9833333333333333,0.7258333333333333,1.6743825095375537,0.5391809410600176,-2.245420206457526,1.9250072367606852,0.3387445904199385,0,-4.52444045151624,0.9511190969675205,11.422841908078023,NA,0.9166666666666666,0.6923425253898006,1.8093140990310146,0.27135165653264287,-1.9201080073604575,1.6236647338655357,0.34445166402990546,NA,0
785962,high_0,40,20,0.8333333333333334,0.8763833333333333,1.6748306041660324,0.509484184309257,-1.189905564130222,0.7445377590224761,0.33536582134702386,0,38.97773729720957,87.95547459441914,98.42719740552965,NA,0.85,0.7927085908673764,1.6268205275513434,0.3171969522997784,-1.3917246858033379,0.7271052995060754,0.3366271617691324,NA,0
785962,low_1,40,20,0.95,0.6582333333333333,1.45888166847863,0.707345391915879,-3.98553334915061,0.840527178089163,0.4030879934296828,0,-32.90314760116512,-55.80629520233023,-45.33457239121973,NA,0.9,0.7165187772964665,1.4810171549725972,0.40956070705279435,-4.245353724716307,0.7651133147994307,0.43408953522806554,NA,0
785962,high_1,40,20,0.85,0.7945666666666666,1.4747950328590433,0.585678550297354,-1.7185067735355495,0.5726868014366269,0.37590387250167606,0,20.89375363446025,51.7875072689205,62.259230080031,NA,0.8333333333333334,0.7604322814885355,1.547848486482545,0.35558108420908185,-1.5496624317258751,0.6336319323032759,0.38191393173107446,NA,0
792672,low_0,40,20,0.95,0.7550166666666667,1.770664440237123,0.41058799094612025,-1.9631329110178404,1.7974657448651201,0.3638445326960858,0,0.470422789933294,10.940845579866588,21.412568390977093,NA,0.95,0.7005486969889294,1.9997736946544968,0.21200043317551395,-1.9815978932802047,2.110341897508345,0.35640745827765147,NA,0
792672,high_0,40,20,0.8833333333333333,0.7354333333333334,1.4303409482733134,0.4410464395320091,-1.6478102567079957,1.1348260550231317,0.37297340181784466,0,8.492905716532942,26.985811433065884,37.45753424417639,NA,0.9,0.6538006102906732,1.4173044549321645,0.2632678547081491,-1.5947025188429467,1.8452981930538617,0.3880096888356771,NA,0
792672,low_1,40,19,0.847457627118644,0.7566440677966102,1.5728872363922803,0.40252155766362663,-1.4104380215810024,0.874186350979114,0.33434188261488385,0,19.54261934206888,49.08523868413776,59.47292590366635,NA,0.847457627118644,0.6525977498079737,1.5250952332109415,0.21295350542726246,-1.7317778028603779,0.8658912262021384,0.34766912093273045,NA,0
792672,high_1,40,20,0.7,0.6858833333333333,1.5088353706107038,0.47334943307696375,-1.0715841421435526,-0.07006722307312668,0.2366247234214787,0,32.88724842887398,75.77449685774796,86.24621966885846,NA,0.6833333333333333,0.7035336296662535,1.6328073478979699,0.2760434807850989,-0.6420355935186308,-0.09072185881497677,0.24855195931429416,NA,0
837706,low_0,40,20,0.9333333333333333,0.44221666666666665,1.0867451669768244,0.6710589801751152,-3.8122550418989167,1.4987646388457863,0.2763140868081587,0,-51.045099793338544,-92.09019958667709,-81.61847677556659,NA,0.9666666666666667,0.4581098834841672,1.1519598077729452,0.6139465243887092,-4.023507259031073,1.5931852193462976,0.27199695446282557,NA,0
837706,high_0,40,20,0.7833333333333333,0.5691833333333334,1.1397049869482907,0.5752861730906199,-1.5493773003194893,0.6058734405445001,0.29462528254734743,0,3.518619613638847,17.037239227277695,27.508962038388198,NA,0.8,0.5733655827373475,1.1538025140950294,0.5060848550643077,-1.5117438351767674,0.8266464218889951,0.29140989056866884,NA,0
837706,low_1,40,20,0.9,0.5486333333333333,1.2180376619484043,0.6053942301924518,-2.0901348668240094,1.445761473834563,0.27821489248537573,0,-10.715393580676984,-11.430787161353969,-0.9590643502434659,NA,0.95,0.5273800734168752,1.324725493311843,0.5029785485816607,-2.347999259640851,2.18627617673367,0.2667373281837387,NA,0
837706,high_1,40,20,0.7333333333333333,0.58775,1.160230765789194,0.5909148953880198,-1.8657495480093158,-0.07699649953003765,0.3144838458387942,0,0.22100109758458686,10.442002195169174,20.913725006279677,NA,0.75,0.5825292152855447,1.1075914658822543,0.5254292024247335,-1.8432907667677325,-0.2978684723405468,0.318636073468103,NA,0
848371,low_0,40,20,0.95,0.46815,1.2217470441973879,0.37636420123758574,-3.1978438524450437,2.760620600316296,0.30140407214590426,0,-53.91544276396427,-97.83088552792854,-87.35916271681805,NA,0.95,0.4553898811561248,1.1440673799097898,0.28341558394972577,-2.5438831784923757,3.246070630719326,0.30385160795464006,NA,0
848371,high_0,40,20,0.9666666666666667,0.51755,1.1149816207903365,0.6024360117334931,-4.311036774757662,1.8379933713737997,0.3535005597452553,0,-57.57138874829106,-105.14277749658211,-94.6710546854716,NA,0.9666666666666667,0.498879937995497,1.1330075923954062,0.6002307122395267,-5.295546900189265,1.7114514257255036,0.3470955321500361,NA,0
848371,low_1,40,20,0.9833333333333333,0.50285,1.2227030633327864,0.43269963671949924,-3.9164559128808225,3.5048072088449054,0.3526485889583867,0,-67.12921292980002,-124.25842585960004,-113.78670304848953,NA,0.9833333333333333,0.49458009505428047,1.0693749411109545,0.30701136931428646,-3.3534559840726805,3.6064067163180153,0.36575687669482504,NA,0
848371,high_1,40,20,1,0.46045,1.346766891191641,0.5306259458753525,-5.639183167191975,4.941474322504748,0.3333241093368813,0,-88.49023057904229,-166.98046115808458,-156.50873834697407,NA,1,0.460276280242546,1.6443313434885045,0.3332678346201828,-4.833592047924755,6.758617411790974,0.33062225689590713,NA,0
878863,low_0,40,20,0.9166666666666666,0.59055,1.382158630080176,0.5717282917766611,-2.5569794340218017,0.9683114686432736,0.2849668939634597,0,-9.426280032011388,-8.852560064022775,1.619162747087728,NA,0.8666666666666667,0.5507175663862548,1.3563100984656558,0.3348054786240422,-2.1250207787487576,1.197541943194159,0.2999135583966085,NA,0
878863,high_0,40,20,0.8333333333333334,0.7677333333333334,1.6334826022065774,0.6586582520253748,-2.238760357346567,-0.2108677151993857,0.3199096688595798,0,17.73998213874343,45.47996427748686,55.95168708859736,NA,0.7333333333333333,0.7637563783187131,1.946744901536262,0.284668489832542,-1.691146821392048,-0.2679225298869358,0.3399109272341993,NA,0
878863,low_1,40,19,0.8305084745762712,0.7365762711864406,1.5013841967532435,0.628505357174286,-2.5696567876944685,-0.353448290540775,0.35792705810785586,0,4.7841233938797565,19.568246787759513,29.95593400728811,NA,0.7288135593220338,0.6857816917406441,1.6233012562812723,0.4915838023942616,-3.069141718448212,-0.9930896358400093,0.3337568081952462,NA,0
878863,high_1,40,20,0.8166666666666667,0.8386666666666667,1.8704849645300752,0.6047582705138862,-2.2207737652061335,-0.3390747699506824,0.3208616221959758,0,21.55913431244351,53.11826862488702,63.589991435997526,NA,0.7166666666666667,0.7280262729021129,1.7913316439066245,0.2616447381844997,-2.267869469908005,-0.3048808947686249,0.3715668443994308,NA,0
894278,low_0,40,20,0.9333333333333333,0.61615,1.338850556632408,0.518472413382483,-2.129277224125591,1.9956830776121208,0.3344668349526577,0,-13.895383733651952,-17.790767467303905,-7.319044656193402,NA,0.95,0.5788610341648391,1.3126258792102496,0.3215306405634281,-1.526909994736207,2.905001388730735,0.3425077187442753,NA,0
894278,high_0,40,20,0.8166666666666667,0.643,1.1716731299369645,0.4853143732987015,-1.4656391316497752,1.2380164243926775,0.37814424346555237,0,-2.340433252683408,5.319133494633184,15.790856305743688,NA,0.8666666666666667,0.6254921676336332,1.1083252860756927,0.4566802558570034,-2.1117908505961234,1.0324794629731875,0.3869558803017342,NA,0
894278,low_1,40,20,0.85,0.56825,1.0341597992471665,0.39222938642014976,-1.581659954069767,1.6745767642608966,0.36661979329344485,0,-20.750506338773512,-31.501012677547024,-21.02928986643652,NA,0.7833333333333333,0.5881062604222056,1.0555497118594648,0.36712887791567067,-1.5835807273385076,0.7237216071446748,0.3806244152685606,NA,0
894278,high_1,40,20,0.7666666666666667,0.5561,1.0862380764845128,0.4800607753455185,-1.5200150064275746,0.36481186249047093,0.31754530576883927,0,-5.849093085836266,-1.698186171672532,8.773536639437971,NA,0.7833333333333333,0.5917325969428197,1.205798684858833,0.4625860532055865,-1.8183988431351623,0.12591924503839957,0.3009063461480305,NA,0
905693,low_0,40,20,0.9166666666666666,0.6652666666666667,1.3901718250258108,0.6148417946472841,-2.367811141535952,1.0936985619660526,0.34453169901852493,0,-4.6277820942721455,0.744435811455709,11.216158622566212,NA,0.8833333333333333,0.7111085910585483,1.42966876580897,0.47572090541848805,-2.138029533203672,0.6591732205227039,0.34806182745405023,NA,0
905693,high_0,40,19,0.8813559322033898,0.7737966101694915,1.5166524044276983,0.4698141990846115,-1.5863607507893323,0.9847959221015611,0.35945150251417723,0,17.048838132052396,44.09767626410479,54.48536348363339,NA,0.9152542372881356,0.7426797026964408,1.6585604029495526,0.2742206173171191,-1.3633747168214452,1.5050756823834102,0.35731478243856435,NA,0
905693,low_1,40,20,0.9833333333333333,0.5489166666666667,1.1758727370848008,0.5788593772242878,-3.6620471625678297,2.7225593417236515,0.37157642738863284,0,-53.871923595766475,-97.74384719153295,-87.27212438042244,NA,1,0.548723801159678,1.3809770915334694,0.5848143921856949,-4.288804528802032,3.014162458076528,0.3597919611469196,NA,0
905693,high_1,40,20,0.7833333333333333,0.8171,1.400904251978849,0.4572610527157797,-1.000177771388233,0.6939154097763913,0.3902210564981431,0,31.30517505679297,72.61035011358594,83.08207292469643,NA,0.8166666666666667,0.7182830121641881,1.588355048442955,0.2561785546887287,-1.6696902027316896,0.6875986629033191,0.40289511280839874,NA,0
908702,low_0,40,20,0.9833333333333333,0.7498166666666667,2.149949231397102,0.5630952954153335,-2.9270420714600993,2.263904712316852,0.34826886010847047,0,-12.470626018805968,-14.941252037611935,-4.469529226501432,NA,0.9833333333333333,0.7155806431204466,2.1368705120999434,0.21967086865427957,-2.1643091291812997,2.4642127251409245,0.3587415238566849,NA,0
908702,high_0,40,18,0.7413793103448276,1.1990344827586208,1.8004872176110451,0.6159167355894047,-1.2429734905888983,-0.009706936792035905,0.5273891171776016,0,54.81905767803036,119.63811535606072,129.94033040879282,NA,0.7931034482758621,1.1482290788232281,1.8514182495503042,0.3272968768821492,-1.0134447418658907,0.2578059277999945,0.5383335356944402,NA,0
908702,low_1,40,20,0.95,0.7965333333333333,1.67852302475969,0.5941467809186334,-2.503679452769921,1.384255333783046,0.4093620505999922,0,-1.2237352410153042,7.552529517969392,18.024252329079893,NA,0.9,0.7530682861501319,1.6372731405851126,0.3717002196844145,-3.1661475456398707,0.9061009795285702,0.42716500606456764,NA,0
908702,high_1,40,18,0.8103448275862069,1.0182758620689656,1.871651455640496,0.6314690646150305,-1.5034338274171124,0.09225514299464614,0.361744458161821,0,46.801073927783776,103.60214785556755,113.90436290829965,NA,0.7586206896551724,0.9069831962489358,1.9215071309083138,0.3101876258375305,-1.4231937624858926,-0.07091290925361413,0.370238026847567,NA,0
93756,low_0,40,20,0.95,0.4584166666666667,0.8203275218489124,0.6109126257943513,-4.5505441955632655,2.9615366092552717,0.3629252418081778,0,-84.88936250943458,-159.77872501886915,-149.30700220775864,NA,0.9666666666666667,0.4463785992704686,0.9117269219545145,0.679197153969504,-5.094594612539664,7.909183502658473,0.3589892362930873,NA,0
93756,high_0,40,20,0.7833333333333333,0.45955,0.9894104762714064,0.5757228273233068,-2.8369883567589484,-0.4534857075403402,0.2880496203162002,0,-34.945977469606554,-59.89195493921311,-49.420232128102604,NA,0.7166666666666667,0.4687475647125862,0.9036326046097387,0.5759181891626463,-2.3101314879331354,-0.9778890467333562,0.29699192999093815,NA,0
93756,low_1,40,20,0.95,0.4613,1.1168425825040922,0.7127271112282086,-4.85151455024882,2.684986363454859,0.32670343382181444,0,-70.72058307090074,-131.4411661418015,-120.96944333069098,NA,0.9833333333333333,0.4747165404640058,1.0895004776330808,0.6098848029797502,-4.77812017547593,2.61322870245871,0.33158572371808726,NA,0
93756,high_1,40,20,0.75,0.44179999999999997,1.1671710763476018,0.5822808221748393,-2.5456403560428518,-0.91673224992121,0.20933142295752966,0,-18.327048938412602,-26.654097876825205,-16.1823750657147,NA,0.7333333333333333,0.45658879486075543,1.237076031304746,0.39896149728019537,-2.499681198231179,-0.5507719341704086,0.22161115013764243,NA,0
957176,low_0,39,19,1,0.6760172413793103,1.9055067511895787,0.6433995297264979,-3.0073044868979757,2.0203142069056756,0.30038631781108205,0,-16.00789911859155,-22.0157982371831,-11.713583184451004,NA,0.9827586206896551,0.709624639895227,2.2223628916591873,0.3950286156840001,-2.98291624158549,1.7769049498450697,0.28544141683749563,NA,0
957176,high_0,40,20,0.8166666666666667,0.82375,1.5011670405158737,0.5253513982567092,-1.3312164243937346,0.4800183878146395,0.37406299266470067,0,28.88993911928432,67.77987823856864,78.25160104967915,NA,0.9,0.7423145646726539,1.4657936418534465,0.361353328075388,-1.5242700194429288,1.305837282638774,0.3786536508781816,NA,0
957176,low_1,39,19,0.9655172413793104,0.6602413793103449,1.4618494523658827,0.5517286617910899,-2.94749599961042,1.902232391029653,0.38084985690936685,0,-22.457815009799454,-34.91563001959891,-24.613414966866813,NA,0.9655172413793104,0.6171819562437586,1.4834283251261682,0.30350728760115897,-2.702695946116415,2.473300415770711,0.38901225483679636,NA,0
957176,high_1,40,20,0.8166666666666667,0.7269,1.297974351482227,0.590322628710107,-1.8713590002937026,0.24514917508019968,0.3948698451147279,0,9.06677481013137,28.13354962026274,38.605272431373244,NA,0.9,0.6894749553810593,1.3565192196426699,0.4302481235481065,-2.1832805095175503,1.1250159201686545,0.3930978331477904,NA,0
977604,low_0,40,20,0.8666666666666667,0.6177666666666667,1.4768053052562715,0.610537031162117,-2.2534478291869378,0.21025679360481137,0.269220401096482,0,1.4678954457862408,12.93579089157248,23.407513702682984,NA,0.8333333333333334,0.6536005731789927,1.5756870312250781,0.35946774692923167,-2.281575416698826,0.3513537040180666,0.2779897730840939,NA,0
977604,high_0,37,19,0.6785714285714286,0.7978928571428572,1.4944819029795258,0.46577079873498783,-0.6213769911803673,0.3266614422877654,0.31139673812158997,0,40.79396683348146,91.58793366696293,101.71469212063867,NA,0.6428571428571429,0.8077007441899976,1.6063796332141727,0.3102770720714576,-0.5042467413882267,-0.136892429906566,0.3084285164491024,NA,0
977604,low_1,40,20,0.9,0.7236,1.5266147042460707,0.41005551153287995,-1.710845548218117,1.3725576902697916,0.36850988460450457,0,3.7169384485831,17.4338768971662,27.905599708276704,NA,0.9333333333333333,0.6442188397686865,1.8735233526115538,0.21141241029794802,-2.099863233062298,2.500737894770987,0.37201133713580925,NA,0
977604,high_1,40,20,0.75,0.7770166666666667,1.4340835227332551,0.4698763946084845,-0.8146757022958022,0.7096555429015501,0.3348058794911207,0,35.35093874418652,80.70187748837304,91.17360029948355,NA,0.7833333333333333,0.7004051758348118,1.4349144183993348,0.2622516844603725,-0.5953707506885704,1.1874102772380088,0.3436672609276156,NA,0
990692,low_0,40,20,0.9666666666666667,0.5551666666666667,1.3330962560032975,0.501616274386884,-2.688313894307072,1.9806785842167511,0.29994712642333793,0,-26.092090551563683,-42.184181103127365,-31.712458292016862,NA,0.9333333333333333,0.562470721969424,1.4249709436192752,0.3738144807978408,-2.7286558751169006,1.6544625327090625,0.309958408855956,NA,0
990692,high_0,39,20,0.7796610169491526,0.8367796610169491,1.5498464074174003,0.5713561620237096,-1.3828654207693212,0.09349492848832881,0.34520174247511504,0,35.10634431874864,80.21268863749728,90.60037585702588,NA,0.7796610169491526,0.7163018579714105,1.3667516975628968,0.45399304902820153,-1.9669565175247068,-0.17885893963720856,0.3798561465605411,NA,0
990692,low_1,40,20,0.9333333333333333,0.5707166666666666,1.2447766260585766,0.4393721408356771,-1.7762882103559217,2.9362837676034736,0.32547577506212577,0,-21.233566526172936,-32.46713305234587,-21.99541024123537,NA,0.9666666666666667,0.5799854559366978,1.345313814227344,0.3542895482194998,-1.5689068926922882,3.377988160372719,0.32029897939907426,NA,0
990692,high_1,40,20,0.8166666666666667,0.7242333333333333,1.3562079026436513,0.4455246717935846,-1.4635350288432596,0.5765581645700981,0.37407790542858266,0,12.780149234252864,35.56029846850573,46.03202127961623,NA,0.8166666666666667,0.6537659239502536,1.2611166052898035,0.3174925261563777,-1.4345119987969452,0.7322032183509625,0.37754100345678654,NA,0
