StartDate,EndDate,Status,Progress,Duration (in seconds),Finished,RecordedDate,ResponseId,DistributionChannel,UserLanguage,Q17,Q4,Q8,Q6,Q5,Q9,Q7,Q8,Q9,Q11,Q12,Q13,Q14,Q10,Q15,Q16
Start Date,End Date,Response Type,Progress,Duration (in seconds),Finished,Recorded Date,Response ID,Distribution Channel,User Language,"Please provide your ID by pressing [Strg] + [v] in the text field below.
ID:",Mental Demand - How mentally demanding was the task?,Temporal Demand - How hurried or rushed was the pace of the task?,Performance - How successful were you in accomplishing what you were asked to do?,Effort - How hard did you have to work to accomplish your level of performance?,"Frustration - How insecure, discouraged, irritated, stressed, and annoyed were you?",I felt motivated.,My mind was racing out of control.,I felt the outcome was worth the effort.,I was satisfied with how I dealt with the pressure.,I felt panicked.,I felt overwhelmed.,I felt anxious.,I felt determined.,I felt proud for dealing with the pressure.,I was frustrated with myself.
"{""ImportId"":""startDate"",""timeZone"":""Europe/Berlin""}","{""ImportId"":""endDate"",""timeZone"":""Europe/Berlin""}","{""ImportId"":""status""}","{""ImportId"":""progress""}","{""ImportId"":""duration""}","{""ImportId"":""finished""}","{""ImportId"":""recordedDate"",""timeZone"":""Europe/Berlin""}","{""ImportId"":""_recordId""}","{""ImportId"":""distributionChannel""}","{""ImportId"":""userLanguage""}","{""ImportId"":""QID23_TEXT""}","{""ImportId"":""QID4""}","{""ImportId"":""QID8""}","{""ImportId"":""QID6""}","{""ImportId"":""QID5""}","{""ImportId"":""QID9""}","{""ImportId"":""QID11""}","{""ImportId"":""QID12""}","{""ImportId"":""QID13""}","{""ImportId"":""QID15""}","{""ImportId"":""QID16""}","{""ImportId"":""QID17""}","{""ImportId"":""QID18""}","{""ImportId"":""QID14""}","{""ImportId"":""QID19""}","{""ImportId"":""QID20""}"
2023-12-13 09:34:28,2023-12-13 09:36:43,0,100,134,1,2023-12-13 09:36:43,R_2fdq1w2vHjxlMoG,anonymous,EN-GB,855301,6,5,4,6,5,3,3,4,3,3,4,3,4,1,3
2023-12-13 09:42:00,2023-12-13 09:43:24,0,100,83,1,2023-12-13 09:43:25,R_1CyBoSEn331fHlq,anonymous,EN-GB,855301,7,6,2,6,6,4,3,4,2,4,4,3,3,2,4
2023-12-13 09:54:50,2023-12-13 09:55:50,0,100,60,1,2023-12-13 09:55:51,R_12sAXNi5o9H2h8w,anonymous,EN-GB,855301,6,5,4,6,5,4,3,4,2,4,4,4,3,2,3
2023-12-13 10:00:39,2023-12-13 10:01:38,0,100,59,1,2023-12-13 10:01:39,R_3CI5VE2bq7gVm47,anonymous,EN-GB,855301,6,6,2,6,5,4,3,4,2,3,4,3,3,2,3
2023-12-13 12:37:32,2023-12-13 12:38:48,0,100,76,1,2023-12-13 12:38:50,R_3feK8hA8eEsYN2n,anonymous,EN-GB,247411,6,5,2,6,6,1,4,1,1,3,4,3,2,1,4
2023-12-13 12:43:39,2023-12-13 12:44:30,0,100,51,1,2023-12-13 12:44:31,R_3Gk1etMggyf0Y2U,anonymous,EN-GB,247411,7,5,1,6,7,1,5,1,1,4,5,4,2,1,5
2023-12-13 12:56:15,2023-12-13 12:57:00,0,100,45,1,2023-12-13 12:57:00,R_uypWZzVPGCH0CNr,anonymous,EN-GB,247411,7,6,1,6,7,1,5,1,1,4,5,5,1,1,5
2023-12-13 13:01:47,2023-12-13 13:02:25,0,100,38,1,2023-12-13 13:02:26,R_2TAEe5lH14qbVIM,anonymous,EN-GB,247411,6,5,1,5,6,1,4,1,1,3,4,3,1,1,5
2023-12-14 09:28:25,2023-12-14 09:29:43,0,100,77,1,2023-12-14 09:29:43,R_2jX3VY1CXJKIwut,anonymous,EN-GB,465058,5,2,5,4,3,4,1,4,4,1,2,1,1,4,3
2023-12-14 09:34:29,2023-12-14 09:35:24,0,100,55,1,2023-12-14 09:35:25,R_43rGzig6XG1Q241,anonymous,EN-GB,465058,6,4,3,7,4,4,1,3,4,1,1,1,1,3,4
2023-12-14 09:44:33,2023-12-14 09:45:12,0,100,38,1,2023-12-14 09:45:12,R_2jK7PRtsUY161VP,anonymous,EN-GB,465058,5,5,6,4,3,4,1,4,4,1,2,1,1,4,2
2023-12-14 09:49:57,2023-12-14 09:50:38,0,100,40,1,2023-12-14 09:50:38,R_7TZBvIbLBsDuKjx,anonymous,EN-GB,465058,7,5,2,6,5,4,1,3,2,1,3,1,2,3,3
2023-12-14 12:21:41,2023-12-14 12:23:20,0,100,98,1,2023-12-14 12:23:20,R_2qsAa1uoj22weaN,anonymous,EN-GB,995402,4,3,5,3,1,4,1,3,3,1,1,1,3,3,1
2023-12-14 12:28:04,2023-12-14 12:28:52,0,100,47,1,2023-12-14 12:28:53,R_70TxiCoBuSr6U3j,anonymous,EN-GB,995402,4,3,5,4,1,4,1,4,4,1,2,1,4,3,1
2023-12-14 12:38:46,2023-12-14 12:39:33,0,100,47,1,2023-12-14 12:39:34,R_3EhmeAM5hVAhh0I,anonymous,EN-GB,995402,4,3,5,5,1,5,1,4,4,1,1,1,5,4,1
2023-12-14 12:44:18,2023-12-14 12:45:11,0,100,52,1,2023-12-14 12:45:12,R_2ya2USWmKeDgO0C,anonymous,EN-GB,995402,5,2,5,5,1,4,1,3,4,1,1,1,4,4,1
2023-12-14 15:25:56,2023-12-14 15:27:35,0,100,98,1,2023-12-14 15:27:36,R_2DqmHFvfvDyd5hH,anonymous,EN-GB,993902,5,4,3,5,5,3,2,3,4,3,3,3,2,3,3
2023-12-14 15:32:23,2023-12-14 15:33:21,0,100,57,1,2023-12-14 15:33:22,R_25Tx4UP1p6aUx15,anonymous,EN-GB,993902,4,3,5,3,3,3,2,3,4,2,2,2,2,3,2
2023-12-14 15:43:08,2023-12-14 15:44:16,0,100,68,1,2023-12-14 15:44:17,R_2CJvSkkJrRy488g,anonymous,EN-GB,993902,5,4,5,5,6,4,2,4,3,3,2,3,2,4,3
2023-12-14 15:49:05,2023-12-14 15:49:55,0,100,49,1,2023-12-14 15:49:56,R_20ViFa4hicIbKwx,anonymous,EN-GB,993902,4,3,6,4,3,4,2,4,4,2,2,2,2,4,2
2023-12-14 17:02:47,2023-12-14 17:04:54,0,100,126,1,2023-12-14 17:04:55,R_7PXd46gc44cjWiu,anonymous,EN-GB,819642,5,5,3,6,3,2,1,3,2,1,4,2,3,3,2
2023-12-14 17:09:51,2023-12-14 17:11:04,0,100,73,1,2023-12-14 17:11:05,R_7n3krXYOriUDrlz,anonymous,EN-GB,819642,6,6,2,6,5,3,2,2,2,2,4,2,3,2,4
2023-12-14 17:19:10,2023-12-14 17:20:34,0,100,84,1,2023-12-14 17:20:35,R_2hiuo2FFZF2HvbW,anonymous,EN-GB,819642,6,5,4,6,6,2,2,2,2,2,4,3,3,2,3
2023-12-14 17:25:25,2023-12-14 17:26:48,0,100,83,1,2023-12-14 17:26:49,R_2KkkGD2DYCeOyGR,anonymous,EN-GB,819642,4,3,6,5,3,4,1,3,3,2,2,2,4,3,2
2023-12-18 09:27:43,2023-12-18 09:29:15,0,100,92,1,2023-12-18 09:29:16,R_2336F9hbQHeiQFT,anonymous,EN-GB,792672,3,3,6,3,1,2,1,2,1,1,2,1,2,1,1
2023-12-18 09:34:07,2023-12-18 09:35:13,0,100,66,1,2023-12-18 09:35:14,R_4QrSNSxYVo7CE4z,anonymous,EN-GB,792672,5,3,3,4,3,1,3,1,3,3,3,2,2,1,4
2023-12-18 09:43:17,2023-12-18 09:44:26,0,100,69,1,2023-12-18 09:44:27,R_268NpUFtiHKoWEF,anonymous,EN-GB,792672,3,5,3,6,7,3,3,3,1,4,2,5,4,2,3
2023-12-18 09:49:13,2023-12-18 09:50:18,0,100,65,1,2023-12-18 09:50:19,R_2e3TfNo0O1vDU6q,anonymous,EN-GB,792672,4,2,2,6,2,3,1,3,3,2,2,2,2,3,3
2023-12-18 10:59:36,2023-12-18 11:01:50,0,100,134,1,2023-12-18 11:01:51,R_5eq3CDY49Bf2nuY,anonymous,EN-GB,121650,6,5,4,5,4,3,2,3,5,2,2,1,3,3,2
2023-12-18 11:06:42,2023-12-18 11:08:10,0,100,87,1,2023-12-18 11:08:10,R_68Tjf0K7LcB4OJp,anonymous,EN-GB,121650,4,5,5,5,2,4,3,3,4,1,1,1,3,2,1
2023-12-18 11:16:58,2023-12-18 11:18:01,0,100,62,1,2023-12-18 11:18:01,R_5ebD4fC40fX44EK,anonymous,EN-GB,121650,4,6,3,5,6,3,2,3,3,3,2,3,2,2,2
2023-12-18 11:22:47,2023-12-18 11:23:59,0,100,71,1,2023-12-18 11:24:00,R_2CazpBmS5OrpjWJ,anonymous,EN-GB,121650,6,5,3,4,5,2,2,3,3,3,2,3,3,2,2
2023-12-18 12:28:19,2023-12-18 12:29:54,0,100,95,1,2023-12-18 12:29:54,R_5QxPVPVrQUZYnlM,anonymous,EN-GB,380897,4,3,6,3,2,5,2,5,1,3,1,1,5,5,4
2023-12-18 12:34:52,2023-12-18 12:36:08,0,100,75,1,2023-12-18 12:36:08,R_1rwXLDNfZD1n20R,anonymous,EN-GB,380897,5,5,6,5,5,5,3,5,5,3,3,4,5,5,3
2023-12-18 12:44:11,2023-12-18 12:45:25,0,100,74,1,2023-12-18 12:45:26,R_6wXLKGOZRi3wv5v,anonymous,EN-GB,380897,5,6,5,6,6,5,4,3,5,4,4,5,5,5,5
2023-12-18 12:50:14,2023-12-18 12:51:24,0,100,70,1,2023-12-18 12:51:25,R_2JmwQc2qTEql0gE,anonymous,EN-GB,380897,6,5,6,6,6,5,4,5,5,4,2,4,5,5,2
2023-12-18 17:02:17,2023-12-18 17:03:52,0,100,94,1,2023-12-18 17:03:53,R_2ZNsYbPWyq1eMqT,anonymous,EN-GB,588210,7,2,6,5,5,4,2,2,5,1,3,1,4,3,2
2023-12-18 17:08:38,2023-12-18 17:09:47,0,100,69,1,2023-12-18 17:09:49,R_2oapaXKq7gvqNIR,anonymous,EN-GB,588210,5,2,6,5,2,5,2,4,5,2,1,1,5,3,2
2023-12-18 17:17:25,2023-12-18 17:18:34,0,100,68,1,2023-12-18 17:18:34,R_516wfx7F3qK60Tg,anonymous,EN-GB,588210,7,5,3,4,5,3,2,2,4,2,2,1,4,4,2
2023-12-18 17:23:17,2023-12-18 17:24:19,0,100,62,1,2023-12-18 17:24:20,R_7VAUVTbhFnKOfxn,anonymous,EN-GB,588210,4,2,6,5,2,4,1,4,4,1,2,1,5,3,1
2023-12-20 09:30:07,2023-12-20 09:31:36,0,100,89,1,2023-12-20 09:31:37,R_3z5YD5raoI4vibD,anonymous,EN-GB,977604,5,5,4,5,5,4,2,2,2,3,4,1,3,2,4
2023-12-20 09:36:36,2023-12-20 09:37:36,0,100,60,1,2023-12-20 09:37:37,R_2Ks3VzUJXYtVFcJ,anonymous,EN-GB,977604,5,6,1,6,5,2,2,2,2,2,5,1,3,2,5
2023-12-20 09:47:52,2023-12-20 09:49:04,0,100,71,1,2023-12-20 09:49:05,R_1PThmtaNx1JBg8L,anonymous,EN-GB,977604,6,5,4,4,6,3,4,2,3,4,5,4,4,2,4
2023-12-20 09:54:02,2023-12-20 09:54:57,0,100,55,1,2023-12-20 09:54:57,R_8hQ0IMruVffx0Zl,anonymous,EN-GB,977604,7,6,1,7,7,2,4,2,2,4,4,4,3,2,5
2023-12-20 12:30:19,2023-12-20 12:31:42,0,100,83,1,2023-12-20 12:31:43,R_4mEtfhWowbfnTxe,anonymous,EN-GB,93756,6,4,2,6,5,4,2,2,2,2,4,4,3,4,4
2023-12-20 12:36:32,2023-12-20 12:37:33,0,100,60,1,2023-12-20 12:37:33,R_8cdwF8gejktsS1D,anonymous,EN-GB,93756,6,5,5,6,3,5,2,4,3,1,2,1,3,4,2
2023-12-20 12:45:46,2023-12-20 12:46:39,0,100,53,1,2023-12-20 12:46:39,R_3CIEPqgT3RpuzFu,anonymous,EN-GB,93756,6,6,2,6,6,4,4,2,1,3,5,5,3,2,4
2023-12-20 12:51:24,2023-12-20 12:52:18,0,100,54,1,2023-12-20 12:52:19,R_6jk7uUFHtmZuBWD,anonymous,EN-GB,93756,4,4,5,5,5,4,2,4,4,1,2,3,3,4,2
2023-12-20 15:31:22,2023-12-20 15:33:17,0,100,114,1,2023-12-20 15:33:17,R_8aA2S9TL8eYRB8B,anonymous,EN-GB,069369,4,3,5,3,4,4,2,4,3,2,2,2,3,3,3
2023-12-20 15:38:12,2023-12-20 15:39:18,0,100,65,1,2023-12-20 15:39:18,R_5WTrKzyI9wuy7yp,anonymous,EN-GB,069369,4,4,3,4,5,3,2,3,2,2,3,2,3,3,4
2023-12-20 15:46:51,2023-12-20 15:48:10,0,100,79,1,2023-12-20 15:48:11,R_1qVSgBVncZC0aRT,anonymous,EN-GB,069369,4,4,5,4,5,3,2,4,4,2,3,2,3,4,2
2023-12-20 15:52:57,2023-12-20 15:53:54,0,100,57,1,2023-12-20 15:53:55,R_6g27mulvebEqKTj,anonymous,EN-GB,069369,5,3,2,5,5,2,2,2,2,3,3,3,3,2,4
2023-12-20 16:57:08,2023-12-20 16:58:11,0,100,62,1,2023-12-20 16:58:12,R_5nWtzQ9jYcLbX8d,anonymous,EN-GB,234510,6,5,6,7,3,5,1,4,4,1,2,2,3,4,1
2023-12-20 17:03:00,2023-12-20 17:03:56,0,100,55,1,2023-12-20 17:03:56,R_4q9DfsfRKOFmPKU,anonymous,EN-GB,234510,4,5,6,4,2,5,3,4,4,2,2,1,3,4,1
2023-12-20 17:11:46,2023-12-20 17:12:42,0,100,55,1,2023-12-20 17:12:43,R_2Iotjc4tkOojvAB,anonymous,EN-GB,234510,5,6,5,5,5,3,1,4,4,3,4,3,3,4,2
2023-12-20 17:17:30,2023-12-20 17:18:19,0,100,49,1,2023-12-20 17:18:20,R_2FqDMhafmNrQvJL,anonymous,EN-GB,234510,3,3,6,5,2,5,3,4,4,2,2,1,3,4,1
2023-12-21 12:33:30,2023-12-21 12:34:40,0,100,70,1,2023-12-21 12:34:41,R_4d4cP9UYOGY5wf8,anonymous,EN-GB,425829,6,2,7,5,1,2,1,2,4,1,1,1,3,2,1
2023-12-21 12:39:37,2023-12-21 12:40:38,0,100,60,1,2023-12-21 12:40:38,R_8t4Hkj63WIym30T,anonymous,EN-GB,425829,6,5,4,5,2,2,1,2,3,1,2,2,2,2,1
2023-12-21 12:47:59,2023-12-21 12:48:58,0,100,58,1,2023-12-21 12:48:59,R_8Ofr0kEY7mk6ODT,anonymous,EN-GB,425829,5,2,6,5,2,2,1,2,3,1,2,1,3,2,1
2023-12-21 12:53:46,2023-12-21 12:54:34,0,100,47,1,2023-12-21 12:54:34,R_5yrBd00FHxeuaTB,anonymous,EN-GB,425829,6,6,5,6,2,2,1,2,3,1,2,2,3,3,1
2023-12-21 15:26:30,2023-12-21 15:27:38,0,100,67,1,2023-12-21 15:27:39,R_3TTz2k0e24YZVGG,anonymous,EN-GB,765713,7,5,5,6,1,5,1,4,4,1,2,1,5,4,1
2023-12-21 15:32:28,2023-12-21 15:33:22,0,100,53,1,2023-12-21 15:33:22,R_7WU7691plJUdpSE,anonymous,EN-GB,765713,5,7,5,6,3,5,1,4,3,2,1,1,5,4,2
2023-12-21 15:40:44,2023-12-21 15:41:20,0,100,36,1,2023-12-21 15:41:21,R_7k1BFTwN2yzCNzs,anonymous,EN-GB,765713,7,7,7,7,2,5,2,4,5,1,1,3,5,5,1
2023-12-21 15:46:06,2023-12-21 15:46:46,0,100,39,1,2023-12-21 15:46:47,R_6aVXKcTfKUbK4db,anonymous,EN-GB,765713,6,7,7,7,1,5,1,5,5,1,1,2,5,5,1
2024-01-11 15:17:56,2024-01-11 15:19:05,0,100,69,1,2024-01-11 15:19:06,R_3fHXfWsU1JkT7aV,anonymous,EN-GB,179038,5,6,6,5,5,2,2,3,3,1,3,2,3,2,1
2024-01-11 15:23:55,2024-01-11 15:24:48,0,100,53,1,2024-01-11 15:24:48,R_5FsQUMyPi4swxLd,anonymous,EN-GB,179038,6,6,4,6,5,2,1,2,2,1,3,4,3,2,2
2024-01-11 15:31:52,2024-01-11 15:32:49,0,100,57,1,2024-01-11 15:32:50,R_8EZYHLQ6TQcI8Ip,anonymous,EN-GB,179038,6,6,7,7,6,3,2,4,5,2,4,4,4,3,3
2024-01-11 15:37:36,2024-01-11 15:38:27,0,100,50,1,2024-01-11 15:38:28,R_3qqObjPR9KKdRhn,anonymous,EN-GB,179038,7,6,5,6,6,2,2,4,3,3,3,4,3,3,2
2024-01-15 10:00:06,2024-01-15 10:01:53,0,100,107,1,2024-01-15 10:01:54,R_2QchMmMzvawhBcy,anonymous,EN-GB,095172,4,5,4,6,5,4,2,3,3,2,3,1,2,3,4
2024-01-15 10:06:43,2024-01-15 10:07:52,0,100,68,1,2024-01-15 10:07:52,R_3CPmHKCnaMBkYPJ,anonymous,EN-GB,095172,3,3,6,4,3,5,2,4,4,1,2,1,1,4,1
2024-01-15 10:15:02,2024-01-15 10:15:54,0,100,52,1,2024-01-15 10:15:55,R_8gX84qrEY4rIkZn,anonymous,EN-GB,095172,5,4,3,5,5,4,1,4,4,2,3,1,2,4,3
2024-01-15 10:20:43,2024-01-15 10:21:33,0,100,50,1,2024-01-15 10:21:34,R_1obuRddi3n6oLrL,anonymous,EN-GB,095172,2,2,6,3,2,5,1,4,4,1,1,1,2,4,2
2024-01-15 11:17:50,2024-01-15 11:18:51,0,100,60,1,2024-01-15 11:18:51,R_28NlklZhHoxeDj0,anonymous,EN-GB,648090,2,6,6,2,2,4,3,4,4,3,2,3,4,4,1
2024-01-15 11:23:39,2024-01-15 11:24:15,0,100,35,1,2024-01-15 11:24:16,R_2BPBXqt6jCoZoPL,anonymous,EN-GB,648090,5,5,3,5,5,2,4,2,2,4,4,4,4,4,4
2024-01-15 11:31:29,2024-01-15 11:32:20,0,100,51,1,2024-01-15 11:32:21,R_2j7JWwFFasGxmBI,anonymous,EN-GB,648090,4,5,5,4,4,3,4,4,2,4,4,3,3,2,3
2024-01-15 11:37:08,2024-01-15 11:37:40,0,100,31,1,2024-01-15 11:37:40,R_35coujaBRMMtnGx,anonymous,EN-GB,648090,6,6,3,6,6,2,4,2,2,4,4,4,4,2,4
2024-01-15 13:57:19,2024-01-15 13:58:51,0,100,92,1,2024-01-15 13:58:52,R_7xL8jY5rmbrWFZb,anonymous,EN-GB,465464,5,6,5,6,2,4,1,3,3,1,2,3,4,3,2
2024-01-15 14:03:43,2024-01-15 14:04:36,0,100,52,1,2024-01-15 14:04:37,R_6WU7qhCJkJuniEL,anonymous,EN-GB,465464,4,5,7,6,1,4,1,4,4,1,1,2,4,3,1
2024-01-15 14:11:40,2024-01-15 14:12:38,0,100,57,1,2024-01-15 14:12:39,R_25Au79WpjjrpzY9,anonymous,EN-GB,465464,6,5,5,7,2,3,1,4,3,1,2,2,4,4,2
2024-01-15 14:17:23,2024-01-15 14:18:03,0,100,40,1,2024-01-15 14:18:04,R_288LtEhuTsT83kJ,anonymous,EN-GB,465464,5,4,6,6,2,4,1,4,3,1,1,2,4,3,2
2024-01-17 09:54:28,2024-01-17 09:55:38,0,100,69,1,2024-01-17 09:55:39,R_6SGwFzlfrzsOvNn,anonymous,EN-GB,848371,5,3,5,6,1,4,1,4,4,1,1,1,3,4,2
2024-01-17 10:00:28,2024-01-17 10:01:19,0,100,50,1,2024-01-17 10:01:20,R_2jOClYlS5RY4kRr,anonymous,EN-GB,848371,5,2,5,5,1,4,1,4,4,1,1,1,4,3,2
2024-01-17 10:08:32,2024-01-17 10:09:15,0,100,43,1,2024-01-17 10:09:16,R_2WcplLAZbjPQCTD,anonymous,EN-GB,848371,5,2,6,5,2,4,1,4,4,1,1,1,4,4,1
2024-01-17 10:14:01,2024-01-17 10:14:42,0,100,40,1,2024-01-17 10:14:43,R_1JXwof2XjUNG7cP,anonymous,EN-GB,848371,5,3,6,6,1,4,1,4,4,1,1,1,4,4,1
2024-01-18 14:04:09,2024-01-18 14:05:36,0,100,86,1,2024-01-18 14:05:36,R_4q1pHX1T07epJgS,anonymous,EN-GB,905693,5,6,2,5,3,2,3,2,3,4,4,5,1,1,4
2024-01-18 14:10:24,2024-01-18 14:11:22,0,100,58,1,2024-01-18 14:11:22,R_5ClRalAc5Tv25ks,anonymous,EN-GB,905693,4,3,2,4,5,1,2,2,2,3,4,4,1,1,5
2024-01-18 14:18:55,2024-01-18 14:19:56,0,100,60,1,2024-01-18 14:19:57,R_4lDabXNfg9ST6ql,anonymous,EN-GB,905693,6,5,1,5,7,1,3,2,1,4,4,5,1,1,4
2024-01-18 14:24:42,2024-01-18 14:25:37,0,100,54,1,2024-01-18 14:25:38,R_71vGvF3LyQfwICJ,anonymous,EN-GB,905693,5,3,2,4,6,1,2,4,1,3,3,5,2,2,5
2024-01-18 15:23:42,2024-01-18 15:25:05,0,100,82,1,2024-01-18 15:25:05,R_5roJv0H9woHsLci,anonymous,EN-GB,511327,5,4,5,6,5,4,2,1,3,2,2,1,1,1,1
2024-01-18 15:29:55,2024-01-18 15:30:51,0,100,56,1,2024-01-18 15:30:52,R_1xRyPgqi9ukNIp7,anonymous,EN-GB,511327,5,5,4,4,3,2,1,2,2,1,3,1,1,1,1
2024-01-18 15:39:40,2024-01-18 15:41:49,0,100,128,1,2024-01-18 15:41:50,R_72QDY866iuRj8QE,anonymous,EN-GB,511327,5,5,4,5,3,2,1,2,1,1,3,2,1,1,2
2024-01-18 15:47:05,2024-01-18 15:47:55,0,100,49,1,2024-01-18 15:47:56,R_6pGtfV45RdcWDda,anonymous,EN-GB,511327,5,3,4,4,2,1,1,1,1,1,2,1,2,1,1
2024-01-22 09:58:57,2024-01-22 10:00:17,0,100,79,1,2024-01-22 10:00:18,R_1v6yGtpxXJ8Qi2Z,anonymous,EN-GB,957176,5,6,3,6,5,3,2,1,2,2,4,2,3,2,3
2024-01-22 10:05:04,2024-01-22 10:05:58,0,100,54,1,2024-01-22 10:05:59,R_2cXHkGkMwFGyaAN,anonymous,EN-GB,957176,3,4,6,3,3,4,1,4,4,1,2,1,4,4,1
2024-01-22 10:13:13,2024-01-22 10:13:58,0,100,45,1,2024-01-22 10:13:59,R_1MPsAiQ7ajWeHDM,anonymous,EN-GB,957176,6,5,4,5,6,2,3,3,2,5,4,4,2,2,4
2024-01-22 10:18:44,2024-01-22 10:19:21,0,100,37,1,2024-01-22 10:19:22,R_6Pv8PR8SFZ4c7rq,anonymous,EN-GB,957176,5,5,4,5,4,2,4,2,2,4,3,4,2,2,3
2024-01-22 13:57:29,2024-01-22 13:59:18,0,100,108,1,2024-01-22 13:59:19,R_1bN1marCh2KE2o9,anonymous,EN-GB,727655,4,2,5,5,4,4,1,4,3,1,1,1,4,2,3
2024-01-22 14:04:09,2024-01-22 14:05:45,0,100,95,1,2024-01-22 14:05:46,R_20PAWuufhRgwuXY,anonymous,EN-GB,727655,5,2,2,5,4,2,2,2,1,2,3,3,2,1,4
2024-01-22 14:12:50,2024-01-22 14:14:17,0,100,86,1,2024-01-22 14:14:18,R_251MPEEcUlyrR8l,anonymous,EN-GB,727655,5,2,4,5,4,2,2,2,2,2,2,2,3,1,3
2024-01-22 14:19:01,2024-01-22 14:19:50,0,100,48,1,2024-01-22 14:19:51,R_4jYyEktakUdJTes,anonymous,EN-GB,727655,5,4,3,5,5,1,2,2,1,3,3,3,2,1,2
2024-01-24 11:18:03,2024-01-24 11:19:25,0,100,81,1,2024-01-24 11:19:25,R_8DiPcOIRcKKYYC1,anonymous,EN-GB,153432,6,4,6,5,4,5,4,3,3,3,4,1,5,4,3
2024-01-24 11:24:15,2024-01-24 11:25:05,0,100,49,1,2024-01-24 11:25:06,R_4eeSmwrNv2srh4Q,anonymous,EN-GB,153432,6,3,5,5,5,5,4,3,3,4,4,2,4,4,4
2024-01-24 11:32:51,2024-01-24 11:33:55,0,100,63,1,2024-01-24 11:33:55,R_2bZsAHeVQo42Zge,anonymous,EN-GB,153432,6,4,6,6,5,5,2,4,4,2,3,2,5,4,3
2024-01-24 11:38:45,2024-01-24 11:39:40,0,100,55,1,2024-01-24 11:39:40,R_5oYDd5efGf4Xh6x,anonymous,EN-GB,153432,4,2,6,4,3,5,1,4,5,1,1,1,4,5,3
2024-01-24 13:57:43,2024-01-24 13:59:45,0,100,121,1,2024-01-24 13:59:46,R_6uD23hfAq54R2c9,anonymous,EN-GB,082208,5,5,4,5,5,4,1,4,3,1,3,2,3,2,3
2024-01-24 14:04:32,2024-01-24 14:05:49,0,100,76,1,2024-01-24 14:05:50,R_8n64eWn5wcSwRLB,anonymous,EN-GB,082208,6,5,2,4,6,2,1,2,2,1,4,2,2,2,3
2024-01-24 14:14:34,2024-01-24 14:15:40,0,100,65,1,2024-01-24 14:15:41,R_569jdxub48TcxiP,anonymous,EN-GB,082208,5,5,6,6,6,4,2,4,4,1,4,2,4,4,3
2024-01-24 14:20:26,2024-01-24 14:21:28,0,100,62,1,2024-01-24 14:21:29,R_5QZZXQJoczDqj3X,anonymous,EN-GB,082208,7,5,3,6,6,4,2,2,4,1,4,4,4,3,4
2024-01-25 11:19:22,2024-01-25 11:21:28,0,100,126,1,2024-01-25 11:21:29,R_2n8UwSqvHoGtFzp,anonymous,EN-GB,620017,5,3,4,5,5,4,2,4,5,4,3,4,3,4,4
2024-01-25 11:26:22,2024-01-25 11:28:01,0,100,98,1,2024-01-25 11:28:01,R_2Ozq8HLSXSJylih,anonymous,EN-GB,620017,3,2,6,3,1,3,1,2,3,1,1,2,4,2,1
2024-01-25 11:35:56,2024-01-25 11:37:10,0,100,74,1,2024-01-25 11:37:11,R_6tJQFBcdYu6ErSW,anonymous,EN-GB,620017,5,5,3,4,6,4,3,3,4,4,3,5,4,4,4
2024-01-25 11:41:57,2024-01-25 11:43:15,0,100,77,1,2024-01-25 11:43:16,R_3EZ2eWsBNVUCCMo,anonymous,EN-GB,620017,3,4,4,4,5,3,2,4,4,4,2,2,3,3,3
2024-01-29 09:54:08,2024-01-29 09:55:23,0,100,75,1,2024-01-29 09:55:24,R_6nsBZJPoGzoOS6B,anonymous,EN-GB,236546,5,4,6,5,3,4,1,5,4,1,2,2,4,3,3
2024-01-29 10:00:15,2024-01-29 10:01:12,0,100,56,1,2024-01-29 10:01:13,R_4qqmlckrnTDGy2e,anonymous,EN-GB,236546,5,6,5,6,2,4,2,3,4,1,2,2,2,4,3
2024-01-29 10:08:41,2024-01-29 10:09:28,0,100,47,1,2024-01-29 10:09:29,R_7SjZz9wC8QB6nnl,anonymous,EN-GB,236546,6,3,6,6,4,4,2,4,5,2,1,2,4,4,2
2024-01-29 10:14:17,2024-01-29 10:15:06,0,100,48,1,2024-01-29 10:15:06,R_3cTBApHnA0O8gRR,anonymous,EN-GB,236546,6,5,5,6,5,3,2,3,4,1,2,1,4,3,2
2024-01-29 15:16:24,2024-01-29 15:18:17,0,100,112,1,2024-01-29 15:18:17,R_1dAxTtgyTPMYZss,anonymous,EN-GB,894278,6,5,4,5,5,3,4,3,3,2,4,3,4,3,4
2024-01-29 15:23:07,2024-01-29 15:24:08,0,100,61,1,2024-01-29 15:24:09,R_8hAUrpUZdQqMbLf,anonymous,EN-GB,894278,4,4,5,4,4,4,2,3,3,2,3,2,3,3,3
2024-01-29 15:31:39,2024-01-29 15:32:36,0,100,57,1,2024-01-29 15:32:37,R_7Y5PrvJ988MZwYb,anonymous,EN-GB,894278,6,5,3,5,5,3,3,2,3,3,3,2,3,2,4
2024-01-29 15:37:23,2024-01-29 15:38:10,0,100,46,1,2024-01-29 15:38:11,R_24r36l9VHzOWnzx,anonymous,EN-GB,894278,5,5,3,6,5,4,3,2,2,2,4,3,3,2,4
2024-01-31 09:57:11,2024-01-31 09:59:03,0,100,111,1,2024-01-31 09:59:04,R_7v1SMbsP0BItSBR,anonymous,EN-GB,017709,5,3,5,4,2,5,1,4,4,1,1,1,4,3,1
2024-01-31 10:03:59,2024-01-31 10:05:19,0,100,80,1,2024-01-31 10:05:20,R_4nVM6pGmlpGlits,anonymous,EN-GB,017709,6,5,4,6,4,4,3,3,3,1,3,1,4,3,2
2024-01-31 10:12:27,2024-01-31 10:13:27,0,100,59,1,2024-01-31 10:13:27,R_1H8NwGCn2askJsB,anonymous,EN-GB,017709,6,4,6,5,5,5,1,4,4,2,2,2,4,3,2
2024-01-31 10:18:14,2024-01-31 10:19:12,0,100,58,1,2024-01-31 10:19:13,R_6ETt6cxnmiSDWSO,anonymous,EN-GB,017709,7,6,4,7,5,4,3,2,2,3,4,3,3,2,3
2024-01-31 11:17:13,2024-01-31 11:18:24,0,100,71,1,2024-01-31 11:18:25,R_3aOAuqrohFwk0jt,anonymous,EN-GB,908702,6,5,2,5,5,3,3,2,2,3,4,2,3,2,4
2024-01-31 11:23:29,2024-01-31 11:24:34,0,100,65,1,2024-01-31 11:24:35,R_8GkC6l9eUseiC3S,anonymous,EN-GB,908702,4,4,6,4,2,5,2,5,5,2,3,2,3,4,2
2024-01-31 11:31:27,2024-01-31 11:32:39,0,100,71,1,2024-01-31 11:32:39,R_1OIukx58sf9CaVb,anonymous,EN-GB,908702,6,6,2,6,6,2,3,2,2,3,4,4,3,1,4
2024-01-31 11:37:25,2024-01-31 11:38:34,0,100,69,1,2024-01-31 11:38:35,R_2JzHEfDfFnkTjZ7,anonymous,EN-GB,908702,5,4,6,6,4,4,2,4,4,3,2,1,2,4,2
2024-01-31 14:00:41,2024-01-31 14:03:00,0,100,138,1,2024-01-31 14:03:01,R_4LZi1QrzRZsP21t,anonymous,EN-GB,837706,4,5,5,4,2,4,1,4,4,1,3,4,5,3,2
2024-01-31 14:07:55,2024-01-31 14:09:29,0,100,93,1,2024-01-31 14:09:30,R_6as0NbWWbNsKq4N,anonymous,EN-GB,837706,6,6,3,5,5,2,1,2,2,3,4,2,2,2,3
2024-01-31 14:17:34,2024-01-31 14:18:43,0,100,69,1,2024-01-31 14:18:44,R_2P6ReT9KXjSzEHq,anonymous,EN-GB,837706,6,5,3,6,6,4,2,1,2,4,5,4,3,2,5
2024-01-31 14:23:32,2024-01-31 14:24:26,0,100,54,1,2024-01-31 14:24:26,R_2dQYHPMkEq162p5,anonymous,EN-GB,837706,6,6,2,6,7,1,3,1,1,5,5,5,1,2,4
2024-01-31 15:19:42,2024-01-31 15:21:11,0,100,89,1,2024-01-31 15:21:12,R_2IorYGyFEzOscWU,anonymous,EN-GB,007410,4,2,4,4,2,4,1,3,3,2,2,1,4,2,2
2024-01-31 15:26:07,2024-01-31 15:26:59,0,100,52,1,2024-01-31 15:27:00,R_2QFGYl9NiDhKlSM,anonymous,EN-GB,007410,3,3,4,3,2,4,1,3,3,1,1,1,3,2,1
2024-01-31 15:34:29,2024-01-31 15:35:21,0,100,52,1,2024-01-31 15:35:22,R_7IXUnI1fI7SGKtj,anonymous,EN-GB,007410,3,2,4,4,2,4,1,3,3,1,2,1,4,3,1
2024-01-31 15:40:11,2024-01-31 15:40:54,0,100,42,1,2024-01-31 15:40:54,R_1I0J4CMa56gd87j,anonymous,EN-GB,007410,3,2,4,3,2,4,1,3,3,1,2,1,4,3,1
2024-02-01 10:00:01,2024-02-01 10:01:55,0,100,113,1,2024-02-01 10:01:56,R_27TTzpuYUx8HTeV,anonymous,EN-GB,990692,6,5,6,5,4,4,1,4,4,1,2,2,3,4,1
2024-02-01 10:06:44,2024-02-01 10:08:03,0,100,78,1,2024-02-01 10:08:04,R_1ERaEW3FXAwzIGv,anonymous,EN-GB,990692,6,6,4,6,4,3,1,3,5,1,2,2,3,4,2
2024-02-01 10:15:35,2024-02-01 10:16:57,0,100,82,1,2024-02-01 10:16:58,R_2CfE039cVkFkKI6,anonymous,EN-GB,990692,6,6,5,5,5,2,2,3,3,3,3,4,4,3,2
2024-02-01 10:21:44,2024-02-01 10:22:56,0,100,72,1,2024-02-01 10:22:57,R_7Q6eWmjZk6ZCYQC,anonymous,EN-GB,990692,6,5,5,6,3,4,1,3,5,2,2,2,4,5,2
2024-02-01 11:18:38,2024-02-01 11:20:13,0,100,94,1,2024-02-01 11:20:14,R_2l9MMw9kz9Tifti,anonymous,EN-GB,040122,5,3,2,5,5,2,1,2,2,2,2,1,4,2,4
2024-02-01 11:25:01,2024-02-01 11:26:16,0,100,74,1,2024-02-01 11:26:16,R_2ko0aqMZmvCj8BN,anonymous,EN-GB,040122,4,3,2,3,5,3,1,4,3,4,1,4,2,2,4
2024-02-01 11:33:17,2024-02-01 11:34:01,0,100,44,1,2024-02-01 11:34:02,R_7DClrfbHCukX8j7,anonymous,EN-GB,040122,5,5,3,5,6,4,3,3,2,4,1,2,4,3,4
2024-02-01 11:38:50,2024-02-01 11:39:47,0,100,57,1,2024-02-01 11:39:48,R_6TNrcqFQqlUw6oV,anonymous,EN-GB,040122,3,3,5,5,5,4,2,3,3,3,2,4,4,2,4
2024-02-01 15:20:22,2024-02-01 15:22:01,0,100,98,1,2024-02-01 15:22:04,R_6e6mgX6VzSySauB,anonymous,EN-GB,695008,5,5,5,4,5,2,2,3,2,2,3,3,4,2,3
2024-02-01 15:26:48,2024-02-01 15:27:55,0,100,67,1,2024-02-01 15:27:56,R_68YzI7PoITtdoyA,anonymous,EN-GB,695008,5,6,2,6,6,1,4,2,1,4,5,4,2,2,2
2024-02-01 15:35:06,2024-02-01 15:35:58,0,100,51,1,2024-02-01 15:35:59,R_2rBFQVwhOwbe1LC,anonymous,EN-GB,695008,6,6,2,7,6,2,4,2,2,4,5,4,2,1,4
2024-02-01 15:40:47,2024-02-01 15:41:34,0,100,47,1,2024-02-01 15:41:35,R_2jp5LPsnfljgbkl,anonymous,EN-GB,695008,5,5,6,5,5,2,3,2,3,4,4,3,4,2,4
2024-02-02 14:02:36,2024-02-02 14:03:56,0,100,79,1,2024-02-02 14:03:57,R_1WUQKskx4oHW6zs,anonymous,EN-GB,729105,6,6,5,6,5,5,2,4,4,1,2,1,5,5,1
2024-02-02 14:08:45,2024-02-02 14:09:40,0,100,54,1,2024-02-02 14:09:42,R_4OZurkiL1hQLKPN,anonymous,EN-GB,729105,5,4,7,4,2,5,1,5,5,1,1,1,5,5,1
2024-02-02 14:17:01,2024-02-02 14:17:54,0,100,52,1,2024-02-02 14:17:54,R_3GylSX6fmJFVfgt,anonymous,EN-GB,729105,7,5,6,7,6,5,3,3,5,2,2,3,5,3,1
2024-02-02 14:22:45,2024-02-02 14:23:30,0,100,45,1,2024-02-02 14:23:31,R_2sdPXlB92k4LJTj,anonymous,EN-GB,729105,6,5,7,7,5,5,3,4,4,2,3,2,4,4,1
2024-02-02 15:14:19,2024-02-02 15:15:14,0,100,55,1,2024-02-02 15:15:15,R_3lt7KuMJXrB73mh,anonymous,EN-GB,336869,5,4,7,6,2,3,1,2,4,2,2,1,3,2,2
2024-02-02 15:20:02,2024-02-02 15:20:50,0,100,47,1,2024-02-02 15:20:50,R_3mWW2Fn5SgJn3jL,anonymous,EN-GB,336869,6,4,6,6,3,3,2,2,3,1,3,1,3,2,1
2024-02-02 15:27:49,2024-02-02 15:28:29,0,100,39,1,2024-02-02 15:28:30,R_8dY7SRaoup0W6Jl,anonymous,EN-GB,336869,5,4,6,6,2,3,1,2,3,1,1,1,3,3,1
2024-02-02 15:33:14,2024-02-02 15:34:08,0,100,54,1,2024-02-02 15:34:09,R_5NV3dqPI8CHHj1C,anonymous,EN-GB,336869,6,4,6,6,2,3,2,2,3,1,1,1,3,3,1
2024-02-05 09:54:40,2024-02-05 09:56:06,0,100,85,1,2024-02-05 09:56:07,R_4istJyJ5SGpFdh7,anonymous,EN-GB,878863,6,5,3,5,5,3,1,1,1,3,3,2,2,1,4
2024-02-05 10:00:56,2024-02-05 10:02:04,0,100,68,1,2024-02-05 10:02:05,R_2n9CtqOXeMHi9XB,anonymous,EN-GB,878863,5,5,3,3,6,1,1,2,1,3,3,2,2,1,5
2024-02-05 10:09:29,2024-02-05 10:10:29,0,100,60,1,2024-02-05 10:10:30,R_2r8GdyYsf1wIZ9n,anonymous,EN-GB,878863,6,5,2,4,6,2,2,2,1,3,3,3,2,2,5
2024-02-05 10:15:16,2024-02-05 10:16:15,0,100,58,1,2024-02-05 10:16:15,R_1Sdbxr9PJJNCsXH,anonymous,EN-GB,878863,6,5,2,4,7,1,1,1,2,3,2,3,2,1,4
2024-02-05 11:15:25,2024-02-05 11:16:51,0,100,86,1,2024-02-05 11:16:51,R_4LBXybxhIaAJ2Yj,anonymous,EN-GB,719844,3,4,3,4,5,4,2,3,4,1,2,1,4,2,3
2024-02-05 11:21:39,2024-02-05 11:22:34,0,100,55,1,2024-02-05 11:22:35,R_2kMKmeKyy6Meg2r,anonymous,EN-GB,719844,5,6,2,5,3,3,2,3,2,2,1,1,4,2,4
2024-02-05 11:30:11,2024-02-05 11:31:08,0,100,56,1,2024-02-05 11:31:08,R_6jkBWbmcrjekvlL,anonymous,EN-GB,719844,5,4,3,4,4,3,2,3,2,2,1,3,4,2,3
2024-02-05 11:35:52,2024-02-05 11:36:45,0,100,52,1,2024-02-05 11:36:46,R_2IASV3uEfFNDoAY,anonymous,EN-GB,719844,5,6,4,5,3,4,2,3,3,2,2,3,4,3,2
2024-02-05 15:20:08,2024-02-05 15:22:17,0,100,129,1,2024-02-05 15:22:18,R_4ikxqEAntdcUpgS,anonymous,EN-GB,785962,5,6,2,6,6,4,3,2,2,2,4,3,2,2,5
2024-02-05 15:27:15,2024-02-05 15:28:34,0,100,78,1,2024-02-05 15:28:35,R_7PLb3E19Oi7536P,anonymous,EN-GB,785962,4,5,5,4,3,4,2,2,4,1,2,2,3,3,2
2024-02-05 15:35:49,2024-02-05 15:37:10,0,100,80,1,2024-02-05 15:37:10,R_1RslJrsoPzbzQgI,anonymous,EN-GB,785962,6,6,2,6,7,2,4,2,2,4,4,4,4,1,5
2024-02-05 15:42:05,2024-02-05 15:43:37,0,100,92,1,2024-02-05 15:43:38,R_8q8IFO3kyuh3daF,anonymous,EN-GB,785962,5,5,5,3,6,1,2,2,2,3,2,4,3,3,3
2024-02-06 13:55:53,2024-02-06 13:58:26,0,100,152,1,2024-02-06 13:58:26,R_5hxN9kbGSUN7qC1,anonymous,EN-GB,246614,5,5,3,5,4,3,2,3,2,1,2,2,3,2,2
2024-02-06 14:03:23,2024-02-06 14:04:45,0,100,82,1,2024-02-06 14:04:46,R_2BzjlfEcQaffHcW,anonymous,EN-GB,246614,6,5,2,6,5,3,2,2,2,1,3,2,3,2,4
2024-02-06 14:12:35,2024-02-06 14:13:45,0,100,69,1,2024-02-06 14:13:45,R_7v65GzL1L1UArex,anonymous,EN-GB,246614,5,5,6,6,5,3,2,3,3,2,3,4,3,1,2
2024-02-06 14:18:34,2024-02-06 14:19:36,0,100,61,1,2024-02-06 14:19:37,R_5UbQSYdgJO8Fkkx,anonymous,EN-GB,246614,6,4,4,6,5,3,2,3,3,1,2,3,3,3,2
2024-02-06 15:17:06,2024-02-06 15:18:54,0,100,108,1,2024-02-06 15:18:55,R_2HiuXNopYRKRQyb,anonymous,EN-GB,491926,4,5,2,6,3,2,2,1,2,1,4,1,3,2,2
2024-02-06 15:23:46,2024-02-06 15:25:04,0,100,77,1,2024-02-06 15:25:04,R_5F8JimGUgz4EsFg,anonymous,EN-GB,491926,4,5,5,4,2,2,1,1,3,1,3,1,3,2,1
2024-02-06 15:32:35,2024-02-06 15:33:59,0,100,83,1,2024-02-06 15:34:00,R_1CHtyw2hRn9QIJA,anonymous,EN-GB,491926,5,6,2,7,2,2,1,1,2,1,4,2,3,1,1
2024-02-06 15:38:46,2024-02-06 15:40:16,0,100,89,1,2024-02-06 15:40:17,R_1okhGjl3jfCltIs,anonymous,EN-GB,491926,5,6,4,6,1,3,1,1,4,1,4,1,2,2,1
2024-02-07 13:56:44,2024-02-07 13:58:28,0,100,104,1,2024-02-07 13:58:28,R_623xdCdRbnVBiuJ,anonymous,EN-GB,047751,5,5,4,5,1,3,1,3,4,1,1,1,3,4,1
2024-02-07 14:03:18,2024-02-07 14:04:30,0,100,71,1,2024-02-07 14:04:30,R_2qBA8g88mjc6s5Y,anonymous,EN-GB,047751,6,6,3,6,1,3,1,3,4,1,1,1,3,4,2
2024-02-07 14:11:39,2024-02-07 14:12:44,0,100,65,1,2024-02-07 14:12:45,R_2MkwHYhEkMqT6XT,anonymous,EN-GB,047751,6,6,3,6,5,4,1,3,3,2,1,2,4,3,3
2024-02-07 14:17:29,2024-02-07 14:18:43,0,100,73,1,2024-02-07 14:18:44,R_2CB0sZJBvtS7RCl,anonymous,EN-GB,047751,6,6,4,6,3,3,1,3,3,1,1,2,3,4,1
2024-02-07 15:17:38,2024-02-07 15:19:00,0,100,81,1,2024-02-07 15:19:01,R_6RZZFNQ6VA7xtIZ,anonymous,EN-GB,094065,5,3,5,5,3,2,3,3,2,3,3,2,2,3,2
2024-02-07 15:23:54,2024-02-07 15:24:55,0,100,60,1,2024-02-07 15:24:55,R_1I0ppztu1gdv2yB,anonymous,EN-GB,094065,4,3,6,4,3,2,2,4,2,3,3,3,2,4,2
2024-02-07 15:32:04,2024-02-07 15:32:53,0,100,49,1,2024-02-07 15:32:54,R_2S9bn9qvGyFWqd0,anonymous,EN-GB,094065,4,5,3,4,5,1,3,2,2,4,3,4,3,2,3
2024-02-07 15:37:41,2024-02-07 15:38:20,0,100,38,1,2024-02-07 15:38:21,R_8UXCEbHPguOpdu2,anonymous,EN-GB,094065,3,3,5,3,4,1,3,2,2,2,2,3,2,3,2
2024-02-08 10:07:37,2024-02-08 10:10:00,0,100,143,1,2024-02-08 10:10:01,R_3fvLo3KWpXpv4bm,anonymous,EN-GB,040710,5,5,6,2,4,4,3,4,3,2,2,3,4,4,3
2024-02-08 10:15:06,2024-02-08 10:16:50,0,100,103,1,2024-02-08 10:16:50,R_7xVM6hji22g2GTC,anonymous,EN-GB,040710,5,5,4,5,5,3,2,4,3,2,2,2,3,4,4
2024-02-08 10:24:31,2024-02-08 10:25:46,0,100,75,1,2024-02-08 10:25:46,R_3Fe1XFXbpdYrHfH,anonymous,EN-GB,040710,3,5,6,3,4,4,2,4,4,2,2,2,4,3,3
2024-02-08 10:30:32,2024-02-08 10:31:53,0,100,81,1,2024-02-08 10:31:54,R_4exHVIoGaQb0H3O,anonymous,EN-GB,040710,5,5,6,5,3,4,2,5,5,2,2,2,4,4,2
2024-02-08 11:21:26,2024-02-08 11:23:39,0,100,133,1,2024-02-08 11:23:40,R_3kTRZYd6wc3Zqmv,anonymous,EN-GB,440557,4,5,4,3,3,3,1,2,4,2,1,1,3,3,1
2024-02-08 11:28:31,2024-02-08 11:29:51,0,100,80,1,2024-02-08 11:29:52,R_10NZAh5yEDM1T0q,anonymous,EN-GB,440557,4,5,6,3,2,5,1,4,5,1,1,1,5,5,1
2024-02-08 11:37:34,2024-02-08 11:39:05,0,100,90,1,2024-02-08 11:39:06,R_478dGQOd0bEzi6R,anonymous,EN-GB,440557,5,5,2,3,4,3,1,2,2,2,3,2,3,4,3
2024-02-08 11:43:54,2024-02-08 11:45:05,0,100,70,1,2024-02-08 11:45:05,R_610ASCY0Sfb3F0x,anonymous,EN-GB,440557,5,4,5,3,4,5,1,4,4,1,1,2,4,4,1
2024-02-08 15:15:47,2024-02-08 15:17:06,0,100,79,1,2024-02-08 15:17:07,R_3fxxucUSIWKKMD7,anonymous,EN-GB,017824,4,5,3,7,5,4,3,2,4,2,3,2,5,4,3
2024-02-08 15:21:56,2024-02-08 15:22:54,0,100,58,1,2024-02-08 15:22:55,R_5ot2Qlz4zaPeBwn,anonymous,EN-GB,017824,5,5,5,5,5,4,1,2,3,2,3,2,3,4,3
2024-02-08 15:29:58,2024-02-08 15:30:49,0,100,51,1,2024-02-08 15:30:50,R_8HzCe7EdCDyIiw5,anonymous,EN-GB,017824,6,5,4,6,5,4,1,3,3,3,3,3,4,4,3
2024-02-08 15:35:38,2024-02-08 15:36:23,0,100,44,1,2024-02-08 15:36:23,R_2rjW35RPU8XiiAI,anonymous,EN-GB,017824,5,4,4,6,4,4,1,3,4,2,2,2,5,4,2
